Year,County,CountyName, Code,Deaths,Population,Crude Rate
2007,Adams,Adams,39001 ,298 ,28538 ,1044 
2007,Allen,Allen,39003 ,1031 ,106717 ,966 
2007,Ashland ,Ashland,39005 ,477 ,53544 ,891 
2007,Ashtabula,Ashtabula,39007 ,1118 ,102156 ,1094 
2007,Athens,Athens,39009 ,473 ,64102 ,738 
2007,Auglaize ,Auglaize,39011 ,512 ,45977 ,1114 
2007,Belmont ,Belmont,39013 ,904 ,70430 ,1284 
2007,Brown ,Brown,39015 ,431 ,44490 ,969 
2007,Butler ,Butler,39017 ,2892 ,361192 ,801 
2007,Carroll ,Carroll,39019 ,261 ,29062 ,898 
2007,Champaign ,Champaign,39021 ,402 ,40127 ,1002 
2007,Clark ,Clark,39023 ,1645 ,139829 ,1176 
2007,Clermont ,Clermont,39025 ,1356 ,194346 ,698 
2007,Clinton ,Clinton,39027 ,354 ,42576 ,832 
2007,Columbiana ,Columbiana,39029 ,1143 ,109153 ,1047 
2007,Coshocton ,Coshocton,39031 ,373 ,37184 ,1003 
2007,Crawford ,Crawford,39033 ,517 ,44634 ,1158 
2007,Cuyahoga ,Cuyahoga,39035 ,13807 ,1301540 ,1061 
2007,Darke ,Darke,39037 ,565 ,52996 ,1066 
2007,Defiance ,Defiance,39039 ,332 ,39123 ,849 
2007,Delaware ,Delaware,39041 ,755 ,161796 ,467 
2007,Erie ,Erie,39043 ,859 ,77668 ,1106 
2007,Fairfield ,Fairfield,39045 ,1067 ,142915 ,747 
2007,Fayette ,Fayette,39047 ,322 ,28908 ,1114 
2007,Franklin ,Franklin,39049 ,8245 ,1127174 ,732 
2007,Fulton ,Fulton,39051 ,373 ,42800 ,872 
2007,Gallia ,Gallia,39053 ,340 ,30977 ,1098 
2007,Geauga ,Geauga,39055 ,700 ,93742 ,747 
2007,Greene ,Greene,39057 ,1174 ,159055 ,738 
2007,Guernsey ,Guernsey,39059 ,410 ,40531 ,1012 
2007,Hamilton ,Hamilton,39061 ,7764 ,801815 ,968 
2007,Hancock ,Hancock,39063 ,577 ,74712 ,772 
2007,Hardin ,Hardin,39065 ,296 ,32132 ,921 
2007,Harrison ,Harrison,39067 ,201 ,15901 ,1264 
2007,Henry ,Henry,39069 ,288 ,28671 ,1005 
2007,Highland ,Highland,39071 ,417 ,43845 ,951 
2007,Hocking ,Hocking,39073 ,307 ,29418 ,1044 
2007,Holmes ,Holmes,39075 ,256 ,41826 ,612 
2007,Huron ,Huron,39077 ,522 ,60086 ,869 
2007,Jackson ,Jackson,39079 ,358 ,33144 ,1080 
2007,Jefferson ,Jefferson,39081 ,1009 ,70114 ,1439 
2007,Knox ,Knox,39083 ,543 ,59843 ,907 
2007,Lake ,Lake,39085 ,2090 ,228930 ,913 
2007,Lawrence ,Lawrence,39087 ,727 ,62748 ,1159 
2007,Licking ,Licking,39089 ,1298 ,162375 ,799 
2007,Logan ,Logan,39091 ,425 ,46154 ,921 
2007,Lorain ,Lorain,39093 ,2577 ,298609 ,863 
2007,Lucas ,Lucas,39095 ,4263 ,445482 ,957 
2007,Madison ,Madison,39097 ,378 ,42392 ,892 
2007,Mahoning ,Mahoning,39099 ,2998 ,243453 ,1231 
2007,Marion ,Marion,39101 ,693 ,66487 ,1042 
2007,Medina ,Medina,39103 ,1201 ,168775 ,712 
2007,Meigs ,Meigs,39105 ,264 ,23612 ,1118 
2007,Mercer ,Mercer,39107 ,385 ,41055 ,938 
2007,Miami ,Miami,39109 ,912 ,102130 ,893 
2007,Monroe ,Monroe,39111 ,153 ,14774 ,1036 
2007,Montgomery ,Montgomery,39113 ,5373 ,540667 ,994 
2007,Morgan ,Morgan,39115 ,168 ,15175 ,1107 
2007,Morrow ,Morrow,39117 ,280 ,34937 ,801 
2007,Muskingum ,Muskingum,39119 ,827 ,85939 ,962 
2007,Noble ,Noble,39121 ,119 ,14614 ,814 
2007,Ottawa ,Ottawa,39123 ,452 ,41690 ,1084 
2007,Paulding ,Paulding,39125 ,199 ,19735 ,1008 
2007,Perry ,Perry,39127 ,282 ,35582 ,793 
2007,Pickaway ,Pickaway,39129 ,467 ,55044 ,848 
2007,Pike ,Pike,39131 ,311 ,28645 ,1086 
2007,Portage ,Portage,39133 ,1186 ,159148 ,745 
2007,Preble ,Preble,39135 ,376 ,42561 ,883 
2007,Putnam ,Putnam,39137 ,278 ,34752 ,800 
2007,Richland ,Richland,39139 ,1237 ,126995 ,974 
2007,Ross ,Ross,39141 ,726 ,77419 ,938 
2007,Sandusky ,Sandusky,39143 ,638 ,61571 ,1036 
2007,Scioto ,Scioto,39145 ,893 ,78775 ,1134 
2007,Seneca ,Seneca,39147 ,582 ,57289 ,1016 
2007,Shelby ,Shelby,39149 ,391 ,49284 ,793 
2007,Stark ,Stark,39151 ,3940 ,376877 ,1045 
2007,Summit ,Summit,39153 ,5257 ,544275 ,966 
2007,Trumbull ,Trumbull,39155 ,2474 ,214296 ,1155 
2007,Tuscarawas ,Tuscarawas,39157 ,932 ,92511 ,1007 
2007,Union ,Union,39159 ,296 ,49906 ,593 
2007,Van Wert ,Van Wert,39161 ,293 ,29182 ,1004 
2007,Vinton ,Vinton,39163 ,127 ,13566 ,936 
2007,Warren ,Warren,39165 ,1263 ,205258 ,615 
2007,Washington ,Washington,39167 ,652 ,62253 ,1047 
2007,Wayne ,Wayne,39169 ,950 ,114224 ,832 
2007,Williams ,Williams,39171 ,344 ,38532 ,893 
2007,Wood ,Wood,39173 ,951 ,125285 ,759 
2007,Wyandot ,Wyandot,39175 ,232 ,22716 ,1021 
2008,Adams ,Adams,39001 ,314 ,28686 ,1095 
2008,Allen ,Allen,39003 ,1048 ,106773 ,982 
2008,Ashland ,Ashland,39005 ,504 ,53499 ,942 
2008,Ashtabula ,Ashtabula,39007 ,1118 ,101826 ,1098 
2008,Athens ,Athens,39009 ,464 ,64546 ,719 
2008,Auglaize ,Auglaize,39011 ,466 ,46167 ,1009 
2008,Belmont ,Belmont,39013 ,910 ,70356 ,1293 
2008,Brown ,Brown,39015 ,476 ,44668 ,1066 
2008,Butler ,Butler,39017 ,2794 ,364179 ,767 
2008,Carroll ,Carroll,39019 ,288 ,28999 ,993 
2008,Champaign ,Champaign,39021 ,366 ,40263 ,909 
2008,Clark ,Clark,39023 ,1580 ,139404 ,1133 
2008,Clermont ,Clermont,39025 ,1521 ,195891 ,777 
2008,Clinton ,Clinton,39027 ,422 ,42656 ,989 
2008,Columbiana ,Columbiana,39029 ,1276 ,108469 ,1176 
2008,Coshocton ,Coshocton,39031 ,394 ,36953 ,1066 
2008,Crawford ,Crawford,39033 ,482 ,44291 ,1088 
2008,Cuyahoga ,Cuyahoga,39035 ,14037 ,1291479 ,1087 
2008,Darke ,Darke,39037 ,566 ,52909 ,1070 
2008,Defiance ,Defiance,39039 ,372 ,39250 ,948 
2008,Delaware ,Delaware,39041 ,781 ,166652 ,469 
2008,Erie ,Erie,39043 ,915 ,77573 ,1180 
2008,Fairfield ,Fairfield,39045 ,1159 ,144029 ,805 
2008,Fayette ,Fayette,39047 ,348 ,28896 ,1204 
2008,Franklin ,Franklin,39049 ,8547 ,1141183 ,749 
2008,Fulton ,Fulton,39051 ,393 ,42780 ,919 
2008,Gallia ,Gallia,39053 ,324 ,30997 ,1045 
2008,Geauga ,Geauga,39055 ,717 ,93583 ,766 
2008,Greene ,Greene,39057 ,1270 ,160115 ,793 
2008,Guernsey ,Guernsey,39059 ,434 ,40347 ,1076 
2008,Hamilton ,Hamilton,39061 ,7832 ,799840 ,979 
2008,Hancock ,Hancock,39063 ,671 ,74781 ,897 
2008,Hardin ,Hardin,39065 ,316 ,32200 ,981 
2008,Harrison ,Harrison,39067 ,215 ,15856 ,1356 
2008,Henry ,Henry,39069 ,266 ,28523 ,933 
2008,Highland ,Highland,39071 ,448 ,43700 ,1025 
2008,Hocking ,Hocking,39073 ,299 ,29445 ,1016 
2008,Holmes ,Holmes,39075 ,269 ,42029 ,640 
2008,Huron ,Huron,39077 ,548 ,60121 ,912 
2008,Jackson ,Jackson,39079 ,384 ,33164 ,1158 
2008,Jefferson ,Jefferson,39081 ,969 ,69989 ,1385 
2008,Knox ,Knox,39083 ,546 ,60348 ,905 
2008,Lake ,Lake,39085 ,2247 ,229904 ,977 
2008,Lawrence ,Lawrence,39087 ,716 ,62640 ,1143 
2008,Licking ,Licking,39089 ,1369 ,163916 ,835 
2008,Logan ,Logan,39091 ,441 ,46115 ,956 
2008,Lorain ,Lorain,39093 ,2632 ,299814 ,878 
2008,Lucas ,Lucas,39095 ,4334 ,443909 ,976 
2008,Madison ,Madison,39097 ,363 ,43163 ,841 
2008,Mahoning ,Mahoning,39099 ,3082 ,241572 ,1276 
2008,Marion ,Marion,39101 ,652 ,66840 ,976 
2008,Medina ,Medina,39103 ,1254 ,170330 ,736 
2008,Meigs ,Meigs,39105 ,292 ,23534 ,1241 
2008,Mercer ,Mercer,39107 ,401 ,41022 ,978 
2008,Miami ,Miami,39109 ,909 ,102430 ,887 
2008,Monroe ,Monroe,39111 ,152 ,14833 ,1025 
2008,Montgomery ,Montgomery,39113 ,5781 ,537664 ,1075 
2008,Morgan ,Morgan,39115 ,161 ,15104 ,1066 
2008,Morrow ,Morrow,39117 ,271 ,34877 ,777 
2008,Muskingum ,Muskingum,39119 ,910 ,85874 ,1060 
2008,Noble ,Noble,39121 ,140 ,14653 ,955 
2008,Ottawa ,Ottawa,39123 ,454 ,41554 ,1093 
2008,Paulding ,Paulding,39125 ,205 ,19670 ,1042 
2008,Perry ,Perry,39127 ,323 ,36150 ,894 
2008,Pickaway ,Pickaway,39129 ,458 ,55376 ,827 
2008,Pike ,Pike,39131 ,325 ,28763 ,1130 
2008,Portage ,Portage,39133 ,1254 ,160184 ,783 
2008,Preble ,Preble,39135 ,407 ,42688 ,953 
2008,Putnam ,Putnam,39137 ,290 ,34655 ,837 
2008,Richland ,Richland,39139 ,1249 ,126128 ,990 
2008,Ross ,Ross,39141 ,744 ,77675 ,958 
2008,Sandusky ,Sandusky,39143 ,666 ,61184 ,1089 
2008,Scioto ,Scioto,39145 ,1026 ,79133 ,1297 
2008,Seneca ,Seneca,39147 ,578 ,57199 ,1011 
2008,Shelby ,Shelby,39149 ,382 ,49454 ,772 
2008,Stark ,Stark,39151 ,3999 ,377141 ,1060 
2008,Summit ,Summit,39153 ,5424 ,543116 ,999 
2008,Trumbull ,Trumbull,39155 ,2463 ,212191 ,1161 
2008,Tuscarawas ,Tuscarawas,39157 ,937 ,92634 ,1012 
2008,Union ,Union,39159 ,318 ,50856 ,625 
2008,Van Wert ,Van Wert,39161 ,317 ,29075 ,1090 
2008,Vinton ,Vinton,39163 ,128 ,13452 ,952 
2008,Warren ,Warren,39165 ,1322 ,208640 ,634 
2008,Washington ,Washington,39167 ,758 ,62040 ,1222 
2008,Wayne ,Wayne,39169 ,1027 ,114610 ,896 
2008,Williams ,Williams,39171 ,392 ,38297 ,1024 
2008,Wood ,Wood,39173 ,943 ,125275 ,753 
2008,Wyandot ,Wyandot,39175 ,222 ,22642 ,981 
2009,Adams ,Adams,39001 ,315 ,28500 ,1105 
2009,Allen ,Allen,39003 ,1049 ,106518 ,985 
2009,Ashland ,Ashland,39005 ,537 ,53305 ,1007 
2009,Ashtabula ,Ashtabula,39007 ,1090 ,101584 ,1073 
2009,Athens ,Athens,39009 ,462 ,64618 ,715 
2009,Auglaize ,Auglaize,39011 ,471 ,45996 ,1024 
2009,Belmont ,Belmont,39013 ,865 ,70439 ,1228 
2009,Brown ,Brown,39015 ,431 ,44740 ,963 
2009,Butler ,Butler,39017 ,2973 ,366633 ,811 
2009,Carroll ,Carroll,39019 ,273 ,28917 ,944 
2009,Champaign ,Champaign,39021 ,374 ,40265 ,929 
2009,Clark ,Clark,39023 ,1597 ,138778 ,1151 
2009,Clermont ,Clermont,39025 ,1446 ,196512 ,736 
2009,Clinton ,Clinton,39027 ,421 ,42418 ,993 
2009,Columbiana ,Columbiana,39029 ,1131 ,107948 ,1048 
2009,Coshocton ,Coshocton,39031 ,361 ,36878 ,979 
2009,Crawford ,Crawford,39033 ,453 ,43921 ,1031 
2009,Cuyahoga ,Cuyahoga,39035 ,13202 ,1285082 ,1027 
2009,Darke ,Darke,39037 ,566 ,52829 ,1071 
2009,Defiance ,Defiance,39039 ,382 ,39060 ,978 
2009,Delaware ,Delaware,39041 ,871 ,170676 ,510 
2009,Erie ,Erie,39043 ,848 ,77085 ,1100 
2009,Fairfield ,Fairfield,39045 ,1125 ,145446 ,774 
2009,Fayette ,Fayette,39047 ,293 ,28929 ,1013 
2009,Franklin ,Franklin,39049 ,8475 ,1155408 ,734 
2009,Fulton ,Fulton,39051 ,379 ,42747 ,887 
2009,Gallia ,Gallia,39053 ,335 ,30857 ,1086 
2009,Geauga ,Geauga,39055 ,691 ,93446 ,740 
2009,Greene ,Greene,39057 ,1274 ,161075 ,791 
2009,Guernsey ,Guernsey,39059 ,435 ,40242 ,1081 
2009,Hamilton ,Hamilton,39061 ,7519 ,802149 ,937 
2009,Hancock ,Hancock,39063 ,641 ,74964 ,855 
2009,Hardin ,Hardin,39065 ,307 ,32185 ,954 
2009,Harrison ,Harrison,39067 ,203 ,15860 ,1280 
2009,Henry ,Henry,39069 ,224 ,28322 ,791 
2009,Highland ,Highland,39071 ,463 ,43578 ,1063 
2009,Hocking ,Hocking,39073 ,286 ,29358 ,974 
2009,Holmes ,Holmes,39075 ,297 ,42275 ,703 
2009,Huron ,Huron,39077 ,524 ,59754 ,877 
2009,Jackson ,Jackson,39079 ,353 ,33115 ,1066 
2009,Jefferson ,Jefferson,39081 ,961 ,69833 ,1376 
2009,Knox ,Knox,39083 ,586 ,60633 ,967 
2009,Lake ,Lake,39085 ,2256 ,229954 ,981 
2009,Lawrence ,Lawrence,39087 ,684 ,62667 ,1092 
2009,Licking ,Licking,39089 ,1406 ,165283 ,851 
2009,Logan ,Logan,39091 ,486 ,46055 ,1055 
2009,Lorain ,Lorain,39093 ,2610 ,300893 ,867 
2009,Lucas ,Lucas,39095 ,4255 ,442603 ,961 
2009,Madison ,Madison,39097 ,349 ,43353 ,805 
2009,Mahoning ,Mahoning,39099 ,2963 ,240050 ,1234 
2009,Marion ,Marion,39101 ,679 ,66497 ,1021 
2009,Medina ,Medina,39103 ,1224 ,171688 ,713 
2009,Meigs ,Meigs,39105 ,255 ,23770 ,1073 
2009,Mercer ,Mercer,39107 ,370 ,40855 ,906 
2009,Miami ,Miami,39109 ,916 ,102526 ,893 
2009,Monroe ,Monroe,39111 ,198 ,14742 ,1343 
2009,Montgomery ,Montgomery,39113 ,5404 ,535294 ,1010 
2009,Morgan ,Morgan,39115 ,152 ,15073 ,1008 
2009,Morrow ,Morrow,39117 ,274 ,34907 ,785 
2009,Muskingum ,Muskingum,39119 ,907 ,85779 ,1057 
2009,Noble ,Noble,39121 ,122 ,14649 ,833 
2009,Ottawa ,Ottawa,39123 ,460 ,41498 ,1109 
2009,Paulding ,Paulding,39125 ,186 ,19659 ,946 
2009,Perry ,Perry,39127 ,351 ,35996 ,975 
2009,Pickaway ,Pickaway,39129 ,492 ,55323 ,889 
2009,Pike ,Pike,39131 ,349 ,28679 ,1217 
2009,Portage ,Portage,39133 ,1269 ,161226 ,787 
2009,Preble ,Preble,39135 ,415 ,42424 ,978 
2009,Putnam ,Putnam,39137 ,316 ,34583 ,914 
2009,Richland ,Richland,39139 ,1253 ,125308 ,1000 
2009,Ross ,Ross,39141 ,763 ,77862 ,980 
2009,Sandusky ,Sandusky,39143 ,597 ,61039 ,978 
2009,Scioto ,Scioto,39145 ,886 ,79241 ,1118 
2009,Seneca ,Seneca,39147 ,551 ,56897 ,968 
2009,Shelby ,Shelby,39149 ,397 ,49540 ,801 
2009,Stark ,Stark,39151 ,3810 ,376210 ,1013 
2009,Summit ,Summit,39153 ,5362 ,542135 ,989 
2009,Trumbull ,Trumbull,39155 ,2359 ,211290 ,1117 
2009,Tuscarawas ,Tuscarawas,39157 ,943 ,92584 ,1019 
2009,Union ,Union,39159 ,294 ,51798 ,568 
2009,Van Wert ,Van Wert,39161 ,287 ,28849 ,995 
2009,Vinton ,Vinton,39163 ,150 ,13474 ,1113 
2009,Warren ,Warren,39165 ,1428 ,211231 ,676 
2009,Washington ,Washington,39167 ,671 ,61968 ,1083 
2009,Wayne ,Wayne,39169 ,1012 ,114588 ,883 
2009,Williams ,Williams,39171 ,371 ,37950 ,978 
2009,Wood ,Wood,39173 ,950 ,125384 ,758 
2009,Wyandot ,Wyandot,39175 ,235 ,22644 ,1038 
2010,Adams ,Adams,39001 ,321 ,28550 ,1124 
2010,Allen ,Allen,39003 ,1080 ,106331 ,1016 
2010,Ashland ,Ashland,39005 ,533 ,53139 ,1003 
2010,Ashtabula ,Ashtabula,39007 ,1118 ,101497 ,1102 
2010,Athens ,Athens,39009 ,515 ,64757 ,795 
2010,Auglaize ,Auglaize,39011 ,476 ,45949 ,1036 
2010,Belmont ,Belmont,39013 ,951 ,70400 ,1351 
2010,Brown ,Brown,39015 ,457 ,44846 ,1019 
2010,Butler ,Butler,39017 ,2855 ,368130 ,776 
2010,Carroll ,Carroll,39019 ,275 ,28836 ,954 
2010,Champaign ,Champaign,39021 ,393 ,40097 ,980 
2010,Clark ,Clark,39023 ,1615 ,138333 ,1168 
2010,Clermont ,Clermont,39025 ,1551 ,197363 ,786 
2010,Clinton ,Clinton,39027 ,403 ,42040 ,959 
2010,Columbiana ,Columbiana,39029 ,1137 ,107841 ,1054 
2010,Coshocton ,Coshocton,39031 ,364 ,36901 ,986 
2010,Crawford ,Crawford,39033 ,490 ,43784 ,1119 
2010,Cuyahoga ,Cuyahoga,39035 ,13390 ,1280122 ,1046 
2010,Darke ,Darke,39037 ,503 ,52959 ,950 
2010,Defiance ,Defiance,39039 ,352 ,39037 ,902 
2010,Delaware ,Delaware,39041 ,881 ,174214 ,506 
2010,Erie ,Erie,39043 ,893 ,77079 ,1159 
2010,Fairfield ,Fairfield,39045 ,1101 ,146156 ,753 
2010,Fayette ,Fayette,39047 ,335 ,29030 ,1154 
2010,Franklin ,Franklin,39049 ,8528 ,1163414 ,733 
2010,Fulton ,Fulton,39051 ,400 ,42698 ,937 
2010,Gallia ,Gallia,39053 ,343 ,30934 ,1109 
2010,Geauga ,Geauga,39055 ,746 ,93389 ,799 
2010,Greene ,Greene,39057 ,1256 ,161573 ,777 
2010,Guernsey ,Guernsey,39059 ,450 ,40087 ,1123 
2010,Hamilton ,Hamilton,39061 ,7537 ,802374 ,939 
2010,Hancock ,Hancock,39063 ,677 ,74782 ,905 
2010,Hardin ,Hardin,39065 ,319 ,32058 ,995 
2010,Harrison ,Harrison,39067 ,200 ,15864 ,1261 
2010,Henry ,Henry,39069 ,268 ,28215 ,950 
2010,Highland ,Highland,39071 ,476 ,43589 ,1092 
2010,Hocking ,Hocking,39073 ,278 ,29380 ,946 
2010,Holmes ,Holmes,39075 ,295 ,42366 ,696 
2010,Huron ,Huron,39077 ,548 ,59626 ,919 
2010,Jackson ,Jackson,39079 ,397 ,33225 ,1195 
2010,Jefferson ,Jefferson,39081 ,920 ,69709 ,1320 
2010,Knox ,Knox,39083 ,595 ,60921 ,977 
2010,Lake ,Lake,39085 ,2266 ,230041 ,985 
2010,Lawrence ,Lawrence,39087 ,690 ,62450 ,1105 
2010,Licking ,Licking,39089 ,1444 ,166492 ,867 
2010,Logan ,Logan,39091 ,475 ,45858 ,1036 
2010,Lorain ,Lorain,39093 ,2794 ,301356 ,927 
2010,Lucas ,Lucas,39095 ,4186 ,441815 ,948 
2010,Madison ,Madison,39097 ,381 ,43435 ,877 
2010,Mahoning ,Mahoning,39099 ,3054 ,238823 ,1279 
2010,Marion ,Marion,39101 ,658 ,66501 ,990 
2010,Medina ,Medina,39103 ,1293 ,172332 ,750 
2010,Meigs ,Meigs,39105 ,257 ,23770 ,1081 
2010,Mercer ,Mercer,39107 ,400 ,40814 ,980 
2010,Miami ,Miami,39109 ,946 ,102506 ,923 
2010,Monroe ,Monroe,39111 ,172 ,14642 ,1175 
2010,Montgomery ,Montgomery,39113 ,5653 ,535153 ,1056 
2010,Morgan ,Morgan,39115 ,152 ,15054 ,1010 
2010,Morrow ,Morrow,39117 ,298 ,34827 ,856 
2010,Muskingum ,Muskingum,39119 ,925 ,86074 ,1075 
2010,Noble ,Noble,39121 ,120 ,14645 ,819 
2010,Ottawa ,Ottawa,39123 ,444 ,41428 ,1072 
2010,Paulding ,Paulding,39125 ,183 ,19614 ,933 
2010,Perry ,Perry,39127 ,321 ,36058 ,890 
2010,Pickaway ,Pickaway,39129 ,497 ,55698 ,892 
2010,Pike ,Pike,39131 ,292 ,28709 ,1017 
2010,Portage ,Portage,39133 ,1307 ,161419 ,810 
2010,Preble ,Preble,39135 ,439 ,42270 ,1039 
2010,Putnam ,Putnam,39137 ,308 ,34499 ,893 
2010,Richland ,Richland,39139 ,1315 ,124475 ,1056 
2010,Ross ,Ross,39141 ,813 ,78064 ,1042 
2010,Sandusky ,Sandusky,39143 ,655 ,60944 ,1075 
2010,Scioto ,Scioto,39145 ,948 ,79499 ,1193 
2010,Seneca ,Seneca,39147 ,527 ,56745 ,929 
2010,Shelby ,Shelby,39149 ,377 ,49423 ,763 
2010,Stark ,Stark,39151 ,3952 ,375586 ,1052 
2010,Summit ,Summit,39153 ,5334 ,541781 ,985 
2010,Trumbull ,Trumbull,39155 ,2360 ,210312 ,1122 
2010,Tuscarawas ,Tuscarawas,39157 ,928 ,92582 ,1002 
2010,Union ,Union,39159 ,317 ,52300 ,606 
2010,Van Wert ,Van Wert,39161 ,256 ,28744 ,891 
2010,Vinton ,Vinton,39163 ,118 ,13435 ,878 
2010,Warren ,Warren,39165 ,1398 ,212693 ,657 
2010,Washington ,Washington,39167 ,632 ,61778 ,1023 
2010,Wayne ,Wayne,39169 ,1027 ,114520 ,897 
2010,Williams ,Williams,39171 ,374 ,37642 ,994 
2010,Wood ,Wood,39173 ,989 ,125488 ,788 
2010,Wyandot ,Wyandot,39175 ,214 ,22615 ,946 
2011,Adams ,Adams,39001 ,307 ,28456 ,1079 
2011,Allen ,Allen,39003 ,1051 ,106094 ,991 
2011,Ashland ,Ashland,39005 ,531 ,53153 ,999 
2011,Ashtabula ,Ashtabula,39007 ,1179 ,101345 ,1163 
2011,Athens ,Athens,39009 ,507 ,64769 ,783 
2011,Auglaize ,Auglaize,39011 ,462 ,45838 ,1008 
2011,Belmont ,Belmont,39013 ,923 ,70151 ,1316 
2011,Brown ,Brown,39015 ,465 ,44687 ,1041 
2011,Butler ,Butler,39017 ,3077 ,369999 ,832 
2011,Carroll ,Carroll,39019 ,312 ,28782 ,1084 
2011,Champaign ,Champaign,39021 ,394 ,39795 ,990 
2011,Clark ,Clark,39023 ,1660 ,137691 ,1206 
2011,Clermont ,Clermont,39025 ,1504 ,199139 ,755 
2011,Clinton ,Clinton,39027 ,456 ,41927 ,1088 
2011,Columbiana ,Columbiana,39029 ,1198 ,107570 ,1114 
2011,Coshocton ,Coshocton,39031 ,398 ,36955 ,1077 
2011,Crawford ,Crawford,39033 ,506 ,43389 ,1166 
2011,Cuyahoga ,Cuyahoga,39035 ,13825 ,1270294 ,1088 
2011,Darke ,Darke,39037 ,567 ,52809 ,1074 
2011,Defiance ,Defiance,39039 ,386 ,38884 ,993 
2011,Delaware ,Delaware,39041 ,860 ,178341 ,482 
2011,Erie ,Erie,39043 ,918 ,76751 ,1196 
2011,Fairfield ,Fairfield,39045 ,1109 ,147066 ,754 
2011,Fayette ,Fayette,39047 ,357 ,28985 ,1232 
2011,Franklin ,Franklin,39049 ,8650 ,1178799 ,734 
2011,Fulton ,Fulton,39051 ,372 ,42510 ,875 
2011,Gallia ,Gallia,39053 ,347 ,30970 ,1120 
2011,Geauga ,Geauga,39055 ,738 ,93228 ,792 
2011,Greene ,Greene,39057 ,1302 ,162846 ,800 
2011,Guernsey ,Guernsey,39059 ,425 ,39927 ,1064 
2011,Hamilton ,Hamilton,39061 ,7769 ,800362 ,971 
2011,Hancock ,Hancock,39063 ,702 ,75056 ,935 
2011,Hardin ,Hardin,39065 ,300 ,32020 ,937 
2011,Harrison ,Harrison,39067 ,183 ,15850 ,1155 
2011,Henry ,Henry,39069 ,277 ,28064 ,987 
2011,Highland ,Highland,39071 ,468 ,43433 ,1078 
2011,Hocking ,Hocking,39073 ,313 ,29394 ,1065 
2011,Holmes ,Holmes,39075 ,276 ,42746 ,646 
2011,Huron ,Huron,39077 ,559 ,59496 ,940 
2011,Jackson ,Jackson,39079 ,387 ,33186 ,1166 
2011,Jefferson ,Jefferson,39081 ,1046 ,68828 ,1520 
2011,Knox ,Knox,39083 ,651 ,61275 ,1062 
2011,Lake ,Lake,39085 ,2346 ,229885 ,1021 
2011,Lawrence ,Lawrence,39087 ,713 ,62489 ,1141 
2011,Licking ,Licking,39089 ,1411 ,167248 ,844 
2011,Logan ,Logan,39091 ,432 ,45688 ,946 
2011,Lorain ,Lorain,39093 ,2893 ,301614 ,959 
2011,Lucas ,Lucas,39095 ,4230 ,440005 ,961 
2011,Madison ,Madison,39097 ,370 ,43401 ,853 
2011,Mahoning ,Mahoning,39099 ,3045 ,237270 ,1283 
2011,Marion ,Marion,39101 ,645 ,66212 ,974 
2011,Medina ,Medina,39103 ,1372 ,173262 ,792 
2011,Meigs ,Meigs,39105 ,265 ,23680 ,1119 
2011,Mercer ,Mercer,39107 ,367 ,40838 ,899 
2011,Miami ,Miami,39109 ,1011 ,102857 ,983 
2011,Monroe ,Monroe,39111 ,172 ,14585 ,1179 
2011,Montgomery ,Montgomery,39113 ,5693 ,537602 ,1059 
2011,Morgan ,Morgan,39115 ,178 ,15034 ,1184 
2011,Morrow ,Morrow,39117 ,310 ,34855 ,889 
2011,Muskingum ,Muskingum,39119 ,884 ,86237 ,1025 
2011,Noble ,Noble,39121 ,127 ,14702 ,864 
2011,Ottawa ,Ottawa,39123 ,444 ,41396 ,1073 
2011,Paulding ,Paulding,39125 ,197 ,19420 ,1014 
2011,Perry ,Perry,39127 ,354 ,36303 ,975 
2011,Pickaway ,Pickaway,39129 ,484 ,55990 ,864 
2011,Pike ,Pike,39131 ,329 ,28628 ,1149 
2011,Portage ,Portage,39133 ,1304 ,161624 ,807 
2011,Preble ,Preble,39135 ,456 ,42083 ,1084 
2011,Putnam ,Putnam,39137 ,294 ,34294 ,857 
2011,Richland ,Richland,39139 ,1355 ,123510 ,1097 
2011,Ross ,Ross,39141 ,810 ,78249 ,1035 
2011,Sandusky ,Sandusky,39143 ,611 ,60734 ,1006 
2011,Scioto ,Scioto,39145 ,906 ,79277 ,1143 
2011,Seneca ,Seneca,39147 ,576 ,56469 ,1020 
2011,Shelby ,Shelby,39149 ,439 ,49307 ,890 
2011,Stark ,Stark,39151 ,4067 ,375087 ,1084 
2011,Summit ,Summit,39153 ,5543 ,539832 ,1027 
2011,Trumbull ,Trumbull,39155 ,2549 ,209264 ,1218 
2011,Tuscarawas ,Tuscarawas,39157 ,987 ,92508 ,1067 
2011,Union ,Union,39159 ,319 ,52764 ,605 
2011,Van Wert ,Van Wert,39161 ,287 ,28601 ,1004 
2011,Vinton ,Vinton,39163 ,137 ,13367 ,1025 
2011,Warren ,Warren,39165 ,1456 ,214910 ,678 
2011,Washington ,Washington,39167 ,742 ,61755 ,1202 
2011,Wayne ,Wayne,39169 ,1023 ,114611 ,893 
2011,Williams ,Williams,39171 ,355 ,37597 ,944 
2011,Wood ,Wood,39173 ,1015 ,126355 ,803 
2011,Wyandot ,Wyandot,39175 ,207 ,22692 ,912 
2012,Adams ,Adams,39001 ,331 ,28350 ,1168 
2012,Allen ,Allen,39003 ,1121 ,105141 ,1066 
2012,Ashland ,Ashland,39005 ,566 ,52962 ,1069 
2012,Ashtabula ,Ashtabula,39007 ,1155 ,100389 ,1151 
2012,Athens ,Athens,39009 ,468 ,64304 ,728 
2012,Auglaize ,Auglaize,39011 ,505 ,45831 ,1102 
2012,Belmont ,Belmont,39013 ,929 ,69671 ,1333 
2012,Brown ,Brown,39015 ,459 ,44381 ,1034 
2012,Butler ,Butler,39017 ,2906 ,370589 ,784 
2012,Carroll ,Carroll,39019 ,285 ,28587 ,997 
2012,Champaign ,Champaign,39021 ,373 ,39565 ,943 
2012,Clark ,Clark,39023 ,1713 ,137206 ,1249 
2012,Clermont ,Clermont,39025 ,1612 ,199085 ,810 
2012,Clinton ,Clinton,39027 ,447 ,41886 ,1067 
2012,Columbiana ,Columbiana,39029 ,1179 ,106507 ,1107 
2012,Coshocton ,Coshocton,39031 ,410 ,36779 ,1115 
2012,Crawford ,Crawford,39033 ,541 ,42849 ,1263 
2012,Cuyahoga ,Cuyahoga,39035 ,13780 ,1265111 ,1089 
2012,Darke ,Darke,39037 ,535 ,52507 ,1019 
2012,Defiance ,Defiance,39039 ,376 ,38677 ,972 
2012,Delaware ,Delaware,39041 ,943 ,181061 ,521 
2012,Erie ,Erie,39043 ,873 ,76398 ,1143 
2012,Fairfield ,Fairfield,39045 ,1162 ,147474 ,788 
2012,Fayette ,Fayette,39047 ,346 ,28880 ,1198 
2012,Franklin ,Franklin,39049 ,8830 ,1195537 ,739 
2012,Fulton ,Fulton,39051 ,387 ,42513 ,910 
2012,Gallia ,Gallia,39053 ,356 ,30708 ,1159 
2012,Geauga ,Geauga,39055 ,761 ,93680 ,812 
2012,Greene ,Greene,39057 ,1366 ,163587 ,835 
2012,Guernsey ,Guernsey,39059 ,438 ,39817 ,1100 
2012,Hamilton ,Hamilton,39061 ,7508 ,802038 ,936 
2012,Hancock ,Hancock,39063 ,703 ,75671 ,929 
2012,Hardin ,Hardin,39065 ,329 ,31627 ,1040 
2012,Harrison ,Harrison,39067 ,217 ,15714 ,1381 
2012,Henry ,Henry,39069 ,280 ,28045 ,998 
2012,Highland ,Highland,39071 ,499 ,42998 ,1161 
2012,Hocking ,Hocking,39073 ,300 ,29273 ,1025 
2012,Holmes ,Holmes,39075 ,293 ,43025 ,681 
2012,Huron ,Huron,39077 ,587 ,59280 ,990 
2012,Jackson ,Jackson,39079 ,405 ,32954 ,1229 
2012,Jefferson ,Jefferson,39081 ,979 ,68389 ,1432 
2012,Knox ,Knox,39083 ,631 ,60705 ,1040 
2012,Lake ,Lake,39085 ,2329 ,229582 ,1015 
2012,Lawrence ,Lawrence,39087 ,745 ,62109 ,1200 
2012,Licking ,Licking,39089 ,1539 ,167537 ,919 
2012,Logan ,Logan,39091 ,458 ,45474 ,1007 
2012,Lorain ,Lorain,39093 ,2865 ,301478 ,950 
2012,Lucas ,Lucas,39095 ,4418 ,437998 ,1009 
2012,Madison ,Madison,39097 ,407 ,43053 ,945 
2012,Mahoning ,Mahoning,39099 ,3072 ,235145 ,1306 
2012,Marion ,Marion,39101 ,715 ,66238 ,1079 
2012,Medina ,Medina,39103 ,1404 ,173684 ,808 
2012,Meigs ,Meigs,39105 ,251 ,23593 ,1064 
2012,Mercer ,Mercer,39107 ,423 ,40875 ,1035 
2012,Miami ,Miami,39109 ,993 ,103060 ,964 
2012,Monroe ,Monroe,39111 ,166 ,14549 ,1141 
2012,Montgomery ,Montgomery,39113 ,5681 ,534325 ,1063 
2012,Morgan ,Morgan,39115 ,173 ,14911 ,1160 
2012,Morrow ,Morrow,39117 ,289 ,34938 ,827 
2012,Muskingum ,Muskingum,39119 ,1005 ,85950 ,1169 
2012,Noble ,Noble,39121 ,117 ,14579 ,803 
2012,Ottawa ,Ottawa,39123 ,500 ,41339 ,1210 
2012,Paulding ,Paulding,39125 ,209 ,19295 ,1083 
2012,Perry ,Perry,39127 ,341 ,36015 ,947 
2012,Pickaway ,Pickaway,39129 ,526 ,56399 ,933 
2012,Pike ,Pike,39131 ,336 ,28480 ,1180 
2012,Portage ,Portage,39133 ,1384 ,161451 ,857 
2012,Preble ,Preble,39135 ,455 ,41886 ,1086 
2012,Putnam ,Putnam,39137 ,311 ,34198 ,909 
2012,Richland ,Richland,39139 ,1310 ,122673 ,1068 
2012,Ross ,Ross,39141 ,857 ,77429 ,1107 
2012,Sandusky ,Sandusky,39143 ,594 ,60510 ,982 
2012,Scioto ,Scioto,39145 ,976 ,78477 ,1244 
2012,Seneca ,Seneca,39147 ,650 ,56018 ,1160 
2012,Shelby ,Shelby,39149 ,406 ,49167 ,826 
2012,Stark ,Stark,39151 ,4070 ,374868 ,1086 
2012,Summit ,Summit,39153 ,5522 ,540811 ,1021 
2012,Trumbull ,Trumbull,39155 ,2529 ,207406 ,1219 
2012,Tuscarawas ,Tuscarawas,39157 ,968 ,92392 ,1048 
2012,Union ,Union,39159 ,328 ,52715 ,622 
2012,Van Wert ,Van Wert,39161 ,316 ,28744 ,1099 
2012,Vinton ,Vinton,39163 ,134 ,13239 ,1012 
2012,Warren ,Warren,39165 ,1519 ,217241 ,699 
2012,Washington ,Washington,39167 ,699 ,61475 ,1137 
2012,Wayne ,Wayne,39169 ,1067 ,114848 ,929 
2012,Williams ,Williams,39171 ,367 ,37513 ,978 
2012,Wood ,Wood,39173 ,959 ,128200 ,748 
2012,Wyandot ,Wyandot,39175 ,231 ,22607 ,1022 
2013,Adams ,Adams,39001 ,337 ,28105 ,1199 
2013,Allen ,Allen,39003 ,1082 ,105298 ,1028 
2013,Ashland ,Ashland,39005 ,548 ,53043 ,1033 
2013,Ashtabula ,Ashtabula,39007 ,1193 ,99811 ,1195 
2013,Athens ,Athens,39009 ,413 ,64681 ,639 
2013,Auglaize ,Auglaize,39011 ,476 ,45920 ,1037 
2013,Belmont ,Belmont,39013 ,873 ,69571 ,1255 
2013,Brown ,Brown,39015 ,501 ,44264 ,1132 
2013,Butler ,Butler,39017 ,3190 ,371272 ,859 
2013,Carroll ,Carroll,39019 ,286 ,28275 ,1012 
2013,Champaign ,Champaign,39021 ,353 ,39455 ,895 
2013,Clark ,Clark,39023 ,1663 ,136167 ,1221 
2013,Clermont ,Clermont,39025 ,1599 ,200218 ,799 
2013,Clinton ,Clinton,39027 ,431 ,41945 ,1028 
2013,Columbiana ,Columbiana,39029 ,1274 ,105893 ,1203 
2013,Coshocton ,Coshocton,39031 ,459 ,36760 ,1249 
2013,Crawford ,Crawford,39033 ,525 ,42808 ,1226 
2013,Cuyahoga ,Cuyahoga,39035 ,13697 ,1263154 ,1084 
2013,Darke ,Darke,39037 ,602 ,52376 ,1149 
2013,Defiance ,Defiance,39039 ,347 ,38532 ,901 
2013,Delaware ,Delaware,39041 ,989 ,184979 ,535 
2013,Erie ,Erie,39043 ,930 ,76048 ,1223 
2013,Fairfield ,Fairfield,39045 ,1166 ,148867 ,783 
2013,Fayette ,Fayette,39047 ,353 ,28800 ,1226 
2013,Franklin ,Franklin,39049 ,8907 ,1212263 ,735 
2013,Fulton ,Fulton,39051 ,428 ,42488 ,1007 
2013,Gallia ,Gallia,39053 ,370 ,30621 ,1208 
2013,Geauga ,Geauga,39055 ,776 ,93972 ,826 
2013,Greene ,Greene,39057 ,1334 ,163204 ,817 
2013,Guernsey ,Guernsey,39059 ,488 ,39636 ,1231 
2013,Hamilton ,Hamilton,39061 ,7653 ,804520 ,951 
2013,Hancock ,Hancock,39063 ,663 ,75773 ,875 
2013,Hardin ,Hardin,39065 ,328 ,31641 ,1037 
2013,Harrison ,Harrison,39067 ,173 ,15622 ,1107 
2013,Henry ,Henry,39069 ,248 ,28092 ,883 
2013,Highland ,Highland,39071 ,454 ,43299 ,1049 
2013,Hocking ,Hocking,39073 ,315 ,28665 ,1099 
2013,Holmes ,Holmes,39075 ,304 ,43593 ,697 
2013,Huron ,Huron,39077 ,628 ,58889 ,1066 
2013,Jackson ,Jackson,39079 ,382 ,32783 ,1165 
2013,Jefferson ,Jefferson,39081 ,922 ,67964 ,1357 
2013,Knox ,Knox,39083 ,566 ,60810 ,931 
2013,Lake ,Lake,39085 ,2383 ,229857 ,1037 
2013,Lawrence ,Lawrence,39087 ,752 ,61917 ,1215 
2013,Licking ,Licking,39089 ,1466 ,168375 ,871 
2013,Logan ,Logan,39091 ,480 ,45481 ,1055 
2013,Lorain ,Lorain,39093 ,2936 ,302827 ,970 
2013,Lucas ,Lucas,39095 ,4439 ,436393 ,1017 
2013,Madison ,Madison,39097 ,397 ,43277 ,917 
2013,Mahoning ,Mahoning,39099 ,3045 ,233869 ,1302 
2013,Marion ,Marion,39101 ,705 ,65905 ,1070 
2013,Medina ,Medina,39103 ,1353 ,174915 ,774 
2013,Meigs ,Meigs,39105 ,278 ,23496 ,1183 
2013,Mercer ,Mercer,39107 ,406 ,40784 ,996 
2013,Miami ,Miami,39109 ,1067 ,103439 ,1032 
2013,Monroe ,Monroe,39111 ,178 ,14585 ,1220 
2013,Montgomery ,Montgomery,39113 ,5893 ,535846 ,1100 
2013,Morgan ,Morgan,39115 ,171 ,14904 ,1147 
2013,Morrow ,Morrow,39117 ,295 ,35033 ,842 
2013,Muskingum ,Muskingum,39119 ,932 ,85231 ,1094 
2013,Noble ,Noble,39121 ,150 ,14628 ,1025 
2013,Ottawa ,Ottawa,39123 ,486 ,41153 ,1181 
2013,Paulding ,Paulding,39125 ,171 ,19254 ,888 
2013,Perry ,Perry,39127 ,324 ,35997 ,900 
2013,Pickaway ,Pickaway,39129 ,503 ,56304 ,893 
2013,Pike ,Pike,39131 ,344 ,28367 ,1213 
2013,Portage ,Portage,39133 ,1373 ,163862 ,838 
2013,Preble ,Preble,39135 ,460 ,41732 ,1102 
2013,Putnam ,Putnam,39137 ,310 ,34088 ,909 
2013,Richland ,Richland,39139 ,1386 ,121773 ,1138 
2013,Ross ,Ross,39141 ,763 ,77910 ,979 
2013,Sandusky ,Sandusky,39143 ,667 ,60098 ,1110 
2013,Scioto ,Scioto,39145 ,937 ,78153 ,1199 
2013,Seneca ,Seneca,39147 ,569 ,55914 ,1018 
2013,Shelby ,Shelby,39149 ,433 ,49192 ,880 
2013,Stark ,Stark,39151 ,4043 ,375432 ,1077 
2013,Summit ,Summit,39153 ,5552 ,541824 ,1025 
2013,Trumbull ,Trumbull,39155 ,2465 ,206442 ,1194 
2013,Tuscarawas ,Tuscarawas,39157 ,1030 ,92672 ,1111 
2013,Union ,Union,39159 ,357 ,53306 ,670 
2013,Van Wert ,Van Wert,39161 ,331 ,28459 ,1163 
2013,Vinton ,Vinton,39163 ,155 ,13276 ,1168 
2013,Warren ,Warren,39165 ,1589 ,219169 ,725 
2013,Washington ,Washington,39167 ,725 ,61310 ,1183 
2013,Wayne ,Wayne,39169 ,1052 ,115071 ,914 
2013,Williams ,Williams,39171 ,403 ,37500 ,1075 
2013,Wood ,Wood,39173 ,1022 ,129264 ,791 
2013,Wyandot ,Wyandot,39175 ,256 ,22447 ,1141 
2014,Adams ,Adams,39001 ,314 ,28129 ,1116 
2014,Allen ,Allen,39003 ,1097 ,105040 ,1044 
2014,Ashland ,Ashland,39005 ,547 ,53035 ,1031 
2014,Ashtabula ,Ashtabula,39007 ,1156 ,99175 ,1166 
2014,Athens ,Athens,39009 ,487 ,64713 ,753 
2014,Auglaize ,Auglaize,39011 ,480 ,45841 ,1047 
2014,Belmont ,Belmont,39013 ,824 ,69461 ,1186 
2014,Brown ,Brown,39015 ,485 ,44116 ,1099 
2014,Butler ,Butler,39017 ,3145 ,374158 ,841 
2014,Carroll ,Carroll,39019 ,377 ,28187 ,1338 
2014,Champaign ,Champaign,39021 ,397 ,39128 ,1015 
2014,Clark ,Clark,39023 ,1693 ,136554 ,1240 
2014,Clermont ,Clermont,39025 ,1658 ,201560 ,823 
2014,Clinton ,Clinton,39027 ,428 ,41835 ,1023 
2014,Columbiana ,Columbiana,39029 ,1282 ,105686 ,1213 
2014,Coshocton ,Coshocton,39031 ,397 ,36516 ,1087 
2014,Crawford ,Crawford,39033 ,586 ,42480 ,1380 
2014,Cuyahoga ,Cuyahoga,39035 ,13288 ,1259828 ,1055 
2014,Darke ,Darke,39037 ,582 ,52196 ,1115 
2014,Defiance ,Defiance,39039 ,400 ,38510 ,1039 
2014,Delaware ,Delaware,39041 ,1031 ,189113 ,545 
2014,Erie ,Erie,39043 ,936 ,75828 ,1234 
2014,Fairfield ,Fairfield,39045 ,1186 ,150381 ,789 
2014,Fayette ,Fayette,39047 ,350 ,28800 ,1215 
2014,Franklin ,Franklin,39049 ,9019 ,1231393 ,732 
2014,Fulton ,Fulton,39051 ,413 ,42580 ,970 
2014,Gallia ,Gallia,39053 ,374 ,30397 ,1230 
2014,Geauga ,Geauga,39055 ,791 ,94295 ,839 
2014,Greene ,Greene,39057 ,1433 ,163820 ,875 
2014,Guernsey ,Guernsey,39059 ,452 ,39590 ,1142 
2014,Hamilton ,Hamilton,39061 ,8000 ,806631 ,992 
2014,Hancock ,Hancock,39063 ,706 ,75337 ,937 
2014,Hardin ,Hardin,39065 ,318 ,31796 ,1000 
2014,Harrison ,Harrison,39067 ,227 ,15543 ,1461 
2014,Henry ,Henry,39069 ,276 ,27937 ,988 
2014,Highland ,Highland,39071 ,478 ,43045 ,1111 
2014,Hocking ,Hocking,39073 ,306 ,28725 ,1065 
2014,Holmes ,Holmes,39075 ,309 ,43898 ,704 
2014,Huron ,Huron,39077 ,573 ,58714 ,976 
2014,Jackson ,Jackson,39079 ,428 ,32748 ,1307 
2014,Jefferson ,Jefferson,39081 ,973 ,67694 ,1437 
2014,Knox ,Knox,39083 ,563 ,61167 ,920 
2014,Lake ,Lake,39085 ,2353 ,229230 ,1027 
2014,Lawrence ,Lawrence,39087 ,738 ,61623 ,1198 
2014,Licking ,Licking,39089 ,1550 ,169390 ,915 
2014,Logan ,Logan,39091 ,499 ,45507 ,1097 
2014,Lorain ,Lorain,39093 ,2946 ,304216 ,968 
2014,Lucas ,Lucas,39095 ,4410 ,435286 ,1013 
2014,Madison ,Madison,39097 ,374 ,43918 ,852 
2014,Mahoning ,Mahoning,39099 ,3043 ,233204 ,1305 
2014,Marion ,Marion,39101 ,732 ,65720 ,1114 
2014,Medina ,Medina,39103 ,1454 ,176029 ,826 
2014,Meigs ,Meigs,39105 ,278 ,23331 ,1192 
2014,Mercer ,Mercer,39107 ,421 ,40831 ,1031 
2014,Miami ,Miami,39109 ,993 ,103900 ,956 
2014,Monroe ,Monroe,39111 ,196 ,14465 ,1355 
2014,Montgomery ,Montgomery,39113 ,5957 ,533116 ,1117 
2014,Morgan ,Morgan,39115 ,148 ,14843 ,997 
2014,Morrow ,Morrow,39117 ,320 ,35152 ,910 
2014,Muskingum ,Muskingum,39119 ,1012 ,85818 ,1179 
2014,Noble ,Noble,39121 ,122 ,14363 ,849 
2014,Ottawa ,Ottawa,39123 ,432 ,41154 ,1050 
2014,Paulding ,Paulding,39125 ,175 ,18989 ,922 
2014,Perry ,Perry,39127 ,366 ,35812 ,1022 
2014,Pickaway ,Pickaway,39129 ,504 ,56876 ,886 
2014,Pike ,Pike,39131 ,300 ,28256 ,1062 
2014,Portage ,Portage,39133 ,1375 ,161882 ,849 
2014,Preble ,Preble,39135 ,474 ,41586 ,1140 
2014,Putnam ,Putnam,39137 ,287 ,34171 ,840 
2014,Richland ,Richland,39139 ,1427 ,121942 ,1170 
2014,Ross ,Ross,39141 ,812 ,77159 ,1052 
2014,Sandusky ,Sandusky,39143 ,642 ,60179 ,1067 
2014,Scioto ,Scioto,39145 ,1035 ,77258 ,1340 
2014,Seneca ,Seneca,39147 ,554 ,55669 ,995 
2014,Shelby ,Shelby,39149 ,423 ,48951 ,864 
2014,Stark ,Stark,39151 ,4072 ,375736 ,1084 
2014,Summit ,Summit,39153 ,5754 ,541943 ,1062 
2014,Trumbull ,Trumbull,39155 ,2543 ,205175 ,1239 
2014,Tuscarawas ,Tuscarawas,39157 ,990 ,92788 ,1067 
2014,Union ,Union,39159 ,359 ,53776 ,668 
2014,Van Wert ,Van Wert,39161 ,331 ,28462 ,1163 
2014,Vinton ,Vinton,39163 ,152 ,13234 ,1149 
2014,Warren ,Warren,39165 ,1627 ,221659 ,734 
2014,Washington ,Washington,39167 ,712 ,61213 ,1163 
2014,Wayne ,Wayne,39169 ,1074 ,115537 ,930 
2014,Williams ,Williams,39171 ,397 ,37291 ,1065 
2014,Wood ,Wood,39173 ,1133 ,129590 ,874 
2014,Wyandot ,Wyandot,39175 ,248 ,22353 ,1110 
2015,Adams ,Adams,39001 ,349 ,28024 ,1245 
2015,Allen ,Allen,39003 ,1114 ,104425 ,1067 
2015,Ashland ,Ashland,39005 ,546 ,53213 ,1026 
2015,Ashtabula ,Ashtabula,39007 ,1216 ,98632 ,1233 
2015,Athens ,Athens,39009 ,519 ,65886 ,788 
2015,Auglaize ,Auglaize,39011 ,505 ,45876 ,1101 
2015,Belmont ,Belmont,39013 ,899 ,69154 ,1300 
2015,Brown ,Brown,39015 ,521 ,43839 ,1188 
2015,Butler ,Butler,39017 ,3307 ,376353 ,879 
2015,Carroll ,Carroll,39019 ,301 ,27811 ,1082 
2015,Champaign ,Champaign,39021 ,415 ,38987 ,1065 
2015,Clark ,Clark,39023 ,1802 ,135959 ,1325 
2015,Clermont ,Clermont,39025 ,1769 ,201973 ,876 
2015,Clinton ,Clinton,39027 ,441 ,41917 ,1052 
2015,Columbiana ,Columbiana,39029 ,1327 ,104806 ,1266 
2015,Coshocton ,Coshocton,39031 ,376 ,36569 ,1028 
2015,Crawford ,Crawford,39033 ,558 ,42306 ,1319 
2015,Cuyahoga ,Cuyahoga,39035 ,13711 ,1255921 ,1092 
2015,Darke ,Darke,39037 ,625 ,52076 ,1200 
2015,Defiance ,Defiance,39039 ,389 ,38352 ,1014 
2015,Delaware ,Delaware,39041 ,1028 ,193013 ,533 
2015,Erie ,Erie,39043 ,958 ,75550 ,1268 
2015,Fairfield ,Fairfield,39045 ,1264 ,151408 ,835 
2015,Fayette ,Fayette,39047 ,373 ,28679 ,1301 
2015,Franklin ,Franklin,39049 ,9744 ,1251722 ,778 
2015,Fulton ,Fulton,39051 ,406 ,42537 ,955 
2015,Gallia ,Gallia,39053 ,356 ,30142 ,1181 
2015,Geauga ,Geauga,39055 ,832 ,94102 ,884 
2015,Greene ,Greene,39057 ,1469 ,164427 ,893 
2015,Guernsey ,Guernsey,39059 ,472 ,39258 ,1202 
2015,Hamilton ,Hamilton,39061 ,8094 ,807598 ,1002 
2015,Hancock ,Hancock,39063 ,778 ,75573 ,1030 
2015,Hardin ,Hardin,39065 ,292 ,31682 ,922 
2015,Harrison ,Harrison,39067 ,214 ,15450 ,1385 
2015,Henry ,Henry,39069 ,321 ,27816 ,1154 
2015,Highland ,Highland,39071 ,525 ,43026 ,1220 
2015,Hocking ,Hocking,39073 ,264 ,28491 ,927 
2015,Holmes ,Holmes,39075 ,325 ,43909 ,740 
2015,Huron ,Huron,39077 ,579 ,58469 ,990 
2015,Jackson ,Jackson,39079 ,387 ,32596 ,1187 
2015,Jefferson ,Jefferson,39081 ,954 ,67347 ,1417 
2015,Knox ,Knox,39083 ,632 ,61061 ,1035 
2015,Lake ,Lake,39085 ,2466 ,229245 ,1076 
2015,Lawrence ,Lawrence,39087 ,822 ,61109 ,1345 
2015,Licking ,Licking,39089 ,1674 ,170570 ,981 
2015,Logan ,Logan,39091 ,521 ,45386 ,1148 
2015,Lorain ,Lorain,39093 ,3077 ,305147 ,1008 
2015,Lucas ,Lucas,39095 ,4395 ,433689 ,1013 
2015,Madison ,Madison,39097 ,420 ,44094 ,953 
2015,Mahoning ,Mahoning,39099 ,3167 ,231900 ,1366 
2015,Marion ,Marion,39101 ,760 ,65355 ,1163 
2015,Medina ,Medina,39103 ,1473 ,176395 ,835 
2015,Meigs ,Meigs,39105 ,281 ,23257 ,1208 
2015,Mercer ,Mercer,39107 ,415 ,40968 ,1013 
2015,Miami ,Miami,39109 ,1063 ,104224 ,1020 
2015,Monroe ,Monroe,39111 ,166 ,14409 ,1152 
2015,Montgomery ,Montgomery,39113 ,6104 ,532258 ,1147 
2015,Morgan ,Morgan,39115 ,175 ,14777 ,1184 
2015,Morrow ,Morrow,39117 ,349 ,35074 ,995 
2015,Muskingum ,Muskingum,39119 ,987 ,86290 ,1144 
2015,Noble ,Noble,39121 ,135 ,14326 ,942 
2015,Ottawa ,Ottawa,39123 ,483 ,40877 ,1182 
2015,Paulding ,Paulding,39125 ,201 ,18976 ,1059 
2015,Perry ,Perry,39127 ,347 ,35985 ,964 
2015,Pickaway ,Pickaway,39129 ,550 ,56998 ,965 
2015,Pike ,Pike,39131 ,361 ,28217 ,1279 
2015,Portage ,Portage,39133 ,1511 ,162275 ,931 
2015,Preble ,Preble,39135 ,445 ,41329 ,1077 
2015,Putnam ,Putnam,39137 ,288 ,34042 ,846 
2015,Richland ,Richland,39139 ,1369 ,121707 ,1125 
2015,Ross ,Ross,39141 ,873 ,77170 ,1131 
2015,Sandusky ,Sandusky,39143 ,657 ,59679 ,1101 
2015,Scioto ,Scioto,39145 ,969 ,76825 ,1261 
2015,Seneca ,Seneca,39147 ,588 ,55610 ,1057 
2015,Shelby ,Shelby,39149 ,431 ,48901 ,881 
2015,Stark ,Stark,39151 ,4123 ,375165 ,1099 
2015,Summit ,Summit,39153 ,5896 ,541968 ,1088 
2015,Trumbull ,Trumbull,39155 ,2614 ,203751 ,1283 
2015,Tuscarawas ,Tuscarawas,39157 ,1050 ,92916 ,1130 
2015,Union ,Union,39159 ,385 ,54277 ,709 
2015,Van Wert ,Van Wert,39161 ,335 ,28562 ,1173 
2015,Vinton ,Vinton,39163 ,131 ,13048 ,1004 
2015,Warren ,Warren,39165 ,1531 ,224469 ,682 
2015,Washington ,Washington,39167 ,783 ,61112 ,1281 
2015,Wayne ,Wayne,39169 ,1087 ,116063 ,937 
2015,Williams ,Williams,39171 ,388 ,37120 ,1045 
2015,Wood ,Wood,39173 ,1118 ,129730 ,862 
2015,Wyandot ,Wyandot,39175 ,267 ,22243 ,1200 
2016,Adams ,Adams,39001 ,364 ,27907 ,1304 
2016,Allen ,Allen,39003 ,1140 ,103742 ,1099 
2016,Ashland ,Ashland,39005 ,611 ,53652 ,1139 
2016,Ashtabula ,Ashtabula,39007 ,1171 ,98231 ,1192 
2016,Athens ,Athens,39009 ,467 ,66186 ,706 
2016,Auglaize ,Auglaize,39011 ,503 ,45894 ,1096 
2016,Belmont ,Belmont,39013 ,885 ,68673 ,1289 
2016,Brown ,Brown,39015 ,518 ,43759 ,1184 
2016,Butler ,Butler,39017 ,3358 ,377537 ,889 
2016,Carroll ,Carroll,39019 ,295 ,27669 ,1066 
2016,Champaign ,Champaign,39021 ,429 ,38747 ,1107 
2016,Clark ,Clark,39023 ,1797 ,134786 ,1333 
2016,Clermont ,Clermont,39025 ,1765 ,203022 ,869 
2016,Clinton ,Clinton,39027 ,406 ,41902 ,969 
2016,Columbiana ,Columbiana,39029 ,1304 ,103685 ,1258 
2016,Coshocton ,Coshocton,39031 ,399 ,36602 ,1090 
2016,Crawford ,Crawford,39033 ,549 ,42083 ,1305 
2016,Cuyahoga ,Cuyahoga,39035 ,14003 ,1249352 ,1121 
2016,Darke ,Darke,39037 ,614 ,51778 ,1186 
2016,Defiance ,Defiance,39039 ,395 ,38158 ,1035 
2016,Delaware ,Delaware,39041 ,1089 ,196463 ,554 
2016,Erie ,Erie,39043 ,972 ,75107 ,1294 
2016,Fairfield ,Fairfield,39045 ,1279 ,152597 ,838 
2016,Fayette ,Fayette,39047 ,363 ,28676 ,1266 
2016,Franklin ,Franklin,39049 ,9624 ,1264518 ,761 
2016,Fulton ,Fulton,39051 ,416 ,42514 ,979 
2016,Gallia ,Gallia,39053 ,388 ,30015 ,1293 
2016,Geauga ,Geauga,39055 ,855 ,94060 ,909 
2016,Greene ,Greene,39057 ,1437 ,164765 ,872 
2016,Guernsey ,Guernsey,39059 ,463 ,39063 ,1185 
2016,Hamilton ,Hamilton,39061 ,7884 ,809099 ,974 
2016,Hancock ,Hancock,39063 ,767 ,75872 ,1011 
2016,Hardin ,Hardin,39065 ,338 ,31474 ,1074 
2016,Harrison ,Harrison,39067 ,190 ,15307 ,1241 
2016,Henry ,Henry,39069 ,268 ,27629 ,970 
2016,Highland ,Highland,39071 ,499 ,43029 ,1160 
2016,Hocking ,Hocking,39073 ,302 ,28340 ,1066 
2016,Holmes ,Holmes,39075 ,356 ,43936 ,810 
2016,Huron ,Huron,39077 ,560 ,58439 ,958 
2016,Jackson ,Jackson,39079 ,425 ,32505 ,1308 
2016,Jefferson ,Jefferson,39081 ,970 ,66704 ,1454 
2016,Knox ,Knox,39083 ,661 ,60814 ,1087 
2016,Lake ,Lake,39085 ,2535 ,228614 ,1109 
2016,Lawrence ,Lawrence,39087 ,810 ,60872 ,1331 
2016,Licking ,Licking,39089 ,1549 ,172198 ,900 
2016,Logan ,Logan,39091 ,516 ,45165 ,1143 
2016,Lorain ,Lorain,39093 ,3073 ,306365 ,1003 
2016,Lucas ,Lucas,39095 ,4611 ,432488 ,1066 
2016,Madison ,Madison,39097 ,446 ,43419 ,1027 
2016,Mahoning ,Mahoning,39099 ,3036 ,230008 ,1320 
2016,Marion ,Marion,39101 ,783 ,65096 ,1203 
2016,Medina ,Medina,39103 ,1433 ,177221 ,809 
2016,Meigs ,Meigs,39105 ,331 ,23125 ,1431 
2016,Mercer ,Mercer,39107 ,439 ,40909 ,1073 
2016,Miami ,Miami,39109 ,1167 ,104679 ,1115 
2016,Monroe ,Monroe,39111 ,172 ,14210 ,1210 
2016,Montgomery ,Montgomery,39113 ,6218 ,531239 ,1171 
2016,Morgan ,Morgan,39115 ,168 ,14804 ,1135 
2016,Morrow ,Morrow,39117 ,314 ,35036 ,896 
2016,Muskingum ,Muskingum,39119 ,1015 ,86068 ,1179 
2016,Noble ,Noble,39121 ,143 ,14294 ,1000 
2016,Ottawa ,Ottawa,39123 ,515 ,40636 ,1267 
2016,Paulding ,Paulding,39125 ,204 ,18865 ,1081 
2016,Perry ,Perry,39127 ,365 ,35927 ,1016 
2016,Pickaway ,Pickaway,39129 ,592 ,57565 ,1028 
2016,Pike ,Pike,39131 ,344 ,28160 ,1222 
2016,Portage ,Portage,39133 ,1472 ,161921 ,909 
2016,Preble ,Preble,39135 ,484 ,41247 ,1173 
2016,Putnam ,Putnam,39137 ,306 ,34056 ,899 
2016,Richland ,Richland,39139 ,1447 ,121107 ,1195 
2016,Ross ,Ross,39141 ,898 ,77000 ,1166 
2016,Sandusky ,Sandusky,39143 ,675 ,59330 ,1138 
2016,Scioto ,Scioto,39145 ,1036 ,76088 ,1362 
2016,Seneca ,Seneca,39147 ,607 ,55353 ,1097 
2016,Shelby ,Shelby,39149 ,480 ,48623 ,987 
2016,Stark ,Stark,39151 ,4391 ,373612 ,1175 
2016,Summit ,Summit,39153 ,5930 ,540300 ,1098 
2016,Trumbull ,Trumbull,39155 ,2566 ,201825 ,1271 
2016,Tuscarawas ,Tuscarawas,39157 ,1037 ,92420 ,1122 
2016,Union ,Union,39159 ,360 ,55457 ,649 
2016,Van Wert ,Van Wert,39161 ,335 ,28362 ,1181 
2016,Vinton ,Vinton,39163 ,147 ,12921 ,1138 
2016,Warren ,Warren,39165 ,1766 ,227063 ,778 
2016,Washington ,Washington,39167 ,769 ,60610 ,1269 
2016,Wayne ,Wayne,39169 ,1155 ,116470 ,992 
2016,Williams ,Williams,39171 ,443 ,37017 ,1197 
2016,Wood ,Wood,39173 ,1156 ,130219 ,888 
2016,Wyandot ,Wyandot,39175 ,254 ,22118 ,1148 
2017,Adams ,Adams,39001 ,367 ,27726 ,1324 
2017,Allen ,Allen,39003 ,1166 ,103198 ,1130 
2017,Ashland ,Ashland,39005 ,582 ,53628 ,1085 
2017,Ashtabula ,Ashtabula,39007 ,1234 ,97807 ,1262 
2017,Athens ,Athens,39009 ,497 ,66597 ,746 
2017,Auglaize ,Auglaize,39011 ,402 ,45778 ,878 
2017,Belmont ,Belmont,39013 ,872 ,68029 ,1282 
2017,Brown ,Brown,39015 ,545 ,43576 ,1251 
2017,Butler ,Butler,39017 ,3548 ,380604 ,932 
2017,Carroll ,Carroll,39019 ,366 ,27385 ,1337 
2017,Champaign ,Champaign,39021 ,409 ,38840 ,1053 
2017,Clark ,Clark,39023 ,1800 ,134557 ,1338 
2017,Clermont ,Clermont,39025 ,1895 ,204214 ,928 
2017,Clinton ,Clinton,39027 ,492 ,42009 ,1171 
2017,Columbiana ,Columbiana,39029 ,1337 ,103077 ,1297 
2017,Coshocton ,Coshocton,39031 ,404 ,36544 ,1106 
2017,Crawford ,Crawford,39033 ,624 ,41746 ,1495 
2017,Cuyahoga ,Cuyahoga,39035 ,14334 ,1248514 ,1148 
2017,Darke ,Darke,39037 ,602 ,51536 ,1168 
2017,Defiance ,Defiance,39039 ,430 ,38156 ,1127 
2017,Delaware ,Delaware,39041 ,1090 ,200464 ,544 
2017,Erie ,Erie,39043 ,1016 ,74817 ,1358 
2017,Fairfield ,Fairfield,39045 ,1393 ,154733 ,900 
2017,Fayette ,Fayette,39047 ,415 ,28752 ,1443 
2017,Franklin ,Franklin,39049 ,10031 ,1291981 ,776 
2017,Fulton ,Fulton,39051 ,489 ,42289 ,1156 
2017,Gallia ,Gallia,39053 ,398 ,29973 ,1328 
2017,Geauga ,Geauga,39055 ,796 ,93918 ,848 
2017,Greene ,Greene,39057 ,1535 ,166752 ,921 
2017,Guernsey ,Guernsey,39059 ,507 ,39093 ,1297 
2017,Hamilton ,Hamilton,39061 ,8374 ,813822 ,1029 
2017,Hancock ,Hancock,39063 ,827 ,75754 ,1092 
2017,Hardin ,Hardin,39065 ,309 ,31364 ,985 
2017,Harrison ,Harrison,39067 ,199 ,15216 ,1308 
2017,Henry ,Henry,39069 ,284 ,27185 ,1045 
2017,Highland ,Highland,39071 ,515 ,42971 ,1199 
2017,Hocking ,Hocking,39073 ,331 ,28474 ,1163 
2017,Holmes ,Holmes,39075 ,318 ,43957 ,723 
2017,Huron ,Huron,39077 ,643 ,58494 ,1099 
2017,Jackson ,Jackson,39079 ,425 ,32449 ,1310 
2017,Jefferson ,Jefferson,39081 ,957 ,66359 ,1442 
2017,Knox ,Knox,39083 ,637 ,61261 ,1040 
2017,Lake ,Lake,39085 ,2569 ,230117 ,1116 
2017,Lawrence ,Lawrence,39087 ,848 ,60249 ,1408 
2017,Licking ,Licking,39089 ,1690 ,173448 ,974 
2017,Logan ,Logan,39091 ,522 ,45325 ,1152 
2017,Lorain ,Lorain,39093 ,3257 ,307924 ,1058 
2017,Lucas ,Lucas,39095 ,4607 ,430887 ,1069 
2017,Madison ,Madison,39097 ,445 ,44036 ,1011 
2017,Mahoning ,Mahoning,39099 ,3015 ,229796 ,1312 
2017,Marion ,Marion,39101 ,773 ,64967 ,1190 
2017,Medina ,Medina,39103 ,1626 ,178371 ,912 
2017,Meigs ,Meigs,39105 ,285 ,23080 ,1235 
2017,Mercer ,Mercer,39107 ,381 ,40873 ,932 
2017,Miami ,Miami,39109 ,1071 ,105122 ,1019 
2017,Monroe ,Monroe,39111 ,165 ,13946 ,1183 
2017,Montgomery ,Montgomery,39113 ,6542 ,531542 ,1231 
2017,Morgan ,Morgan,39115 ,190 ,14709 ,1292 
2017,Morrow ,Morrow,39117 ,349 ,34994 ,997 
2017,Muskingum ,Muskingum,39119 ,1017 ,86149 ,1181 
2017,Noble ,Noble,39121 ,133 ,14406 ,923 
2017,Ottawa ,Ottawa,39123 ,504 ,40657 ,1240 
2017,Paulding ,Paulding,39125 ,202 ,18845 ,1072 
2017,Perry ,Perry,39127 ,372 ,36024 ,1033 
2017,Pickaway ,Pickaway,39129 ,666 ,57830 ,1152 
2017,Pike ,Pike,39131 ,380 ,28270 ,1344 
2017,Portage ,Portage,39133 ,1534 ,162277 ,945 
2017,Preble ,Preble,39135 ,505 ,41120 ,1228 
2017,Putnam ,Putnam,39137 ,336 ,33878 ,992 
2017,Richland ,Richland,39139 ,1549 ,120589 ,1285 
2017,Ross ,Ross,39141 ,824 ,77313 ,1066 
2017,Sandusky ,Sandusky,39143 ,712 ,59195 ,1203 
2017,Scioto ,Scioto,39145 ,1084 ,75929 ,1428 
2017,Seneca ,Seneca,39147 ,672 ,55243 ,1216 
2017,Shelby ,Shelby,39149 ,492 ,48759 ,1009 
2017,Stark ,Stark,39151 ,4575 ,372542 ,1228 
2017,Summit ,Summit,39153 ,5916 ,541228 ,1093 
2017,Trumbull ,Trumbull,39155 ,2716 ,200380 ,1355 
2017,Tuscarawas ,Tuscarawas,39157 ,1135 ,92297 ,1230 
2017,Union ,Union,39159 ,408 ,56741 ,719 
2017,Van Wert ,Van Wert,39161 ,328 ,28217 ,1162 
2017,Vinton ,Vinton,39163 ,141 ,13092 ,1077 
2017,Warren ,Warren,39165 ,1892 ,228882 ,827 
2017,Washington ,Washington,39167 ,780 ,60418 ,1291 
2017,Wayne ,Wayne,39169 ,1158 ,116038 ,998 
2017,Williams ,Williams,39171 ,454 ,36784 ,1234 
2017,Wood ,Wood,39173 ,1181 ,130492 ,905 
2017,Wyandot ,Wyandot,39175 ,252 ,22029 ,1144 
2018,Adams ,Adams,39001 ,339 ,27724 ,1223 
2018,Allen ,Allen,39003 ,1164 ,102663 ,1134 
2018,Ashland ,Ashland,39005 ,599 ,53745 ,1115 
2018,Ashtabula ,Ashtabula,39007 ,1243 ,97493 ,1275 
2018,Athens ,Athens,39009 ,503 ,65818 ,764 
2018,Auglaize ,Auglaize,39011 ,522 ,45804 ,1140 
2018,Belmont ,Belmont,39013 ,931 ,67505 ,1379 
2018,Brown ,Brown,39015 ,565 ,43602 ,1296 
2018,Butler ,Butler,39017 ,3536 ,382378 ,925 
2018,Carroll ,Carroll,39019 ,321 ,27081 ,1185 
2018,Champaign ,Champaign,39021 ,422 ,38754 ,1089 
2018,Clark ,Clark,39023 ,1773 ,134585 ,1317 
2018,Clermont ,Clermont,39025 ,1919 ,205466 ,934 
2018,Clinton ,Clinton,39027 ,478 ,42057 ,1137 
2018,Columbiana ,Columbiana,39029 ,1285 ,102665 ,1252 
2018,Coshocton ,Coshocton,39031 ,457 ,36629 ,1248 
2018,Crawford ,Crawford,39033 ,568 ,41550 ,1367 
2018,Cuyahoga ,Cuyahoga,39035 ,14182 ,1243857 ,1140 
2018,Darke ,Darke,39037 ,651 ,51323 ,1268 
2018,Defiance ,Defiance,39039 ,400 ,38165 ,1048 
2018,Delaware ,Delaware,39041 ,1204 ,204826 ,588 
2018,Erie ,Erie,39043 ,964 ,74615 ,1292 
2018,Fairfield ,Fairfield,39045 ,1468 ,155782 ,942 
2018,Fayette ,Fayette,39047 ,352 ,28666 ,1228 
2018,Franklin ,Franklin,39049 ,10234 ,1310300 ,781 
2018,Fulton ,Fulton,39051 ,446 ,42276 ,1055 
2018,Gallia ,Gallia,39053 ,429 ,29979 ,1431 
2018,Geauga ,Geauga,39055 ,851 ,94031 ,905 
2018,Greene ,Greene,39057 ,1533 ,167995 ,913 
2018,Guernsey ,Guernsey,39059 ,478 ,39022 ,1225 
2018,Hamilton ,Hamilton,39061 ,8142 ,816684 ,997 
2018,Hancock ,Hancock,39063 ,824 ,75930 ,1085 
2018,Hardin ,Hardin,39065 ,341 ,31480 ,1083 
2018,Harrison ,Harrison,39067 ,218 ,15174 ,1437 
2018,Henry ,Henry,39069 ,311 ,27086 ,1148 
2018,Highland ,Highland,39071 ,503 ,43058 ,1168 
2018,Hocking ,Hocking,39073 ,360 ,28385 ,1268 
2018,Holmes ,Holmes,39075 ,338 ,43892 ,770 
2018,Huron ,Huron,39077 ,620 ,58504 ,1060 
2018,Jackson ,Jackson,39079 ,463 ,32384 ,1430 
2018,Jefferson ,Jefferson,39081 ,935 ,65767 ,1422 
2018,Knox ,Knox,39083 ,649 ,61893 ,1049 
2018,Lake ,Lake,39085 ,2577 ,230514 ,1118 
2018,Lawrence ,Lawrence,39087 ,920 ,59866 ,1537 
2018,Licking ,Licking,39089 ,1740 ,175769 ,990 
2018,Logan ,Logan,39091 ,514 ,45358 ,1133 
2018,Lorain ,Lorain,39093 ,3301 ,309461 ,1067 
2018,Lucas ,Lucas,39095 ,4855 ,429899 ,1129 
2018,Madison ,Madison,39097 ,409 ,44413 ,921 
2018,Mahoning ,Mahoning,39099 ,3114 ,229642 ,1356 
2018,Marion ,Marion,39101 ,790 ,65256 ,1211 
2018,Medina ,Medina,39103 ,1648 ,179146 ,920 
2018,Meigs ,Meigs,39105 ,364 ,23106 ,1575 
2018,Mercer ,Mercer,39107 ,416 ,40959 ,1016 
2018,Miami ,Miami,39109 ,1164 ,106222 ,1096 
2018,Monroe ,Monroe,39111 ,205 ,13790 ,1487 
2018,Montgomery ,Montgomery,39113 ,6441 ,532331 ,1210 
2018,Morgan ,Morgan,39115 ,183 ,14604 ,1253 
2018,Morrow ,Morrow,39117 ,311 ,35112 ,886 
2018,Muskingum ,Muskingum,39119 ,1052 ,86183 ,1221 
2018,Noble ,Noble,39121 ,147 ,14354 ,1024 
2018,Ottawa ,Ottawa,39123 ,539 ,40769 ,1322 
2018,Paulding ,Paulding,39125 ,209 ,18760 ,1114 
2018,Perry ,Perry,39127 ,363 ,36033 ,1007 
2018,Pickaway ,Pickaway,39129 ,611 ,58086 ,1052 
2018,Pike ,Pike,39131 ,414 ,28067 ,1475 
2018,Portage ,Portage,39133 ,1570 ,162927 ,964 
2018,Preble ,Preble,39135 ,494 ,40997 ,1205 
2018,Putnam ,Putnam,39137 ,324 ,33780 ,959 
2018,Richland ,Richland,39139 ,1519 ,121099 ,1254 
2018,Ross ,Ross,39141 ,897 ,76931 ,1166 
2018,Sandusky ,Sandusky,39143 ,704 ,58799 ,1197 
2018,Scioto ,Scioto,39145 ,1084 ,75502 ,1436 
2018,Seneca ,Seneca,39147 ,618 ,55207 ,1119 
2018,Shelby ,Shelby,39149 ,482 ,48627 ,991 
2018,Stark ,Stark,39151 ,4432 ,371574 ,1193 
2018,Summit ,Summit,39153 ,5866 ,541918 ,1083 
2018,Trumbull ,Trumbull,39155 ,2639 ,198627 ,1329 
2018,Tuscarawas ,Tuscarawas,39157 ,1135 ,92176 ,1231 
2018,Union ,Union,39159 ,417 ,57835 ,721 
2018,Van Wert ,Van Wert,39161 ,324 ,28281 ,1146 
2018,Vinton ,Vinton,39163 ,163 ,13139 ,1241 
2018,Warren ,Warren,39165 ,1862 ,232173 ,802 
2018,Washington ,Washington,39167 ,754 ,60155 ,1253 
2018,Wayne ,Wayne,39169 ,1224 ,115967 ,1056 
2018,Williams ,Williams,39171 ,453 ,36804 ,1231 
2018,Wood ,Wood,39173 ,1229 ,130696 ,940 
2018,Wyandot ,Wyandot,39175 ,266 ,21935 ,1213 
