"","Measure","Place","Place.Type","Year","Geoid","Max.Month","Measure.Desc.Short","Measure.Type","measure_axis_label","no_definition","Notes","Quantile","rate_label","Strategy","wip_definition","yes_definition","n_missing","Number.of.Records","Rate.Denom","rate_mult","Value.Count","Value.Rate"
"1","Deaths (Hispanic)","Alamance","Counties",2010,37001,12,"Drug overdose deaths among NC Residents (ICD-10), all intents","metric","Number of deaths",NA,"Annual count was 0 and rate was NA","Lowest","Rate per 100,000 residents","8C) Equity: Hispanic",NA,NA,0,1,"79,858","100,000",1,1.252222695
"2","Deaths (Hispanic)","Alexander","Counties",2010,37003,12,"Drug overdose deaths among NC Residents (ICD-10), all intents","metric","Number of deaths",NA,"Annual count was 0 and rate was NA","Lowest","Rate per 100,000 residents","8C) Equity: Hispanic",NA,NA,0,1,"6,591","100,000",0,0
"3","Deaths (Hispanic)","Alleghany","Counties",2010,37005,12,"Drug overdose deaths among NC Residents (ICD-10), all intents","metric","Number of deaths",NA,"Annual count was 0 and rate was NA","Lowest","Rate per 100,000 residents","8C) Equity: Hispanic",NA,NA,0,1,"5,003","100,000",0,0
"4","Deaths (Hispanic)","Anson","Counties",2010,37007,12,"Drug overdose deaths among NC Residents (ICD-10), all intents","metric","Number of deaths",NA,"Annual count was 0 and rate was NA","Lowest","Rate per 100,000 residents","8C) Equity: Hispanic",NA,NA,0,1,"2,278","100,000",0,0
"5","Deaths (Hispanic)","Ashe","Counties",2010,37009,12,"Drug overdose deaths among NC Residents (ICD-10), all intents","metric","Number of deaths",NA,"Annual count was 0 and rate was NA","Lowest","Rate per 100,000 residents","8C) Equity: Hispanic",NA,NA,0,1,"5,039","100,000",0,0
"6","Deaths (Hispanic)","Avery","Counties",2010,37011,12,"Drug overdose deaths among NC Residents (ICD-10), all intents","metric","Number of deaths",NA,"Annual count was 0 and rate was NA","Lowest","Rate per 100,000 residents","8C) Equity: Hispanic",NA,NA,0,1,"3,489","100,000",0,0
"7","Deaths (Hispanic)","Beaufort","Counties",2010,37013,12,"Drug overdose deaths among NC Residents (ICD-10), all intents","metric","Number of deaths",NA,"Annual count was 0 and rate was NA","Lowest","Rate per 100,000 residents","8C) Equity: Hispanic",NA,NA,0,1,"11,402","100,000",0,0
"8","Deaths (Hispanic)","Bertie","Counties",2010,37015,12,"Drug overdose deaths among NC Residents (ICD-10), all intents","metric","Number of deaths",NA,"Annual count was 0 and rate was NA","Lowest","Rate per 100,000 residents","8C) Equity: Hispanic",NA,NA,0,1,"1,370","100,000",0,0
"9","Deaths (Hispanic)","Bladen","Counties",2010,37017,12,"Drug overdose deaths among NC Residents (ICD-10), all intents","metric","Number of deaths",NA,"Annual count was 0 and rate was NA","Lowest","Rate per 100,000 residents","8C) Equity: Hispanic",NA,NA,0,1,"10,402","100,000",0,0
"10","Deaths (Hispanic)","Brunswick","Counties",2010,37019,12,"Drug overdose deaths among NC Residents (ICD-10), all intents","metric","Number of deaths",NA,"Annual count was 0 and rate was NA","Lowest","Rate per 100,000 residents","8C) Equity: Hispanic",NA,NA,0,1,"20,994","100,000",0,0
"11","Deaths (Hispanic)","Buncombe","Counties",2010,37021,12,"Drug overdose deaths among NC Residents (ICD-10), all intents","metric","Number of deaths",NA,"Annual count was 0 and rate was NA","Lowest","Rate per 100,000 residents","8C) Equity: Hispanic",NA,NA,0,1,"53,638","100,000",1,1.864349901
"12","Deaths (Hispanic)","Burke","Counties",2010,37023,12,"Drug overdose deaths among NC Residents (ICD-10), all intents","metric","Number of deaths",NA,"Annual count was 0 and rate was NA","Lowest","Rate per 100,000 residents","8C) Equity: Hispanic",NA,NA,0,1,"23,281","100,000",0,0
"13","Deaths (Hispanic)","Cabarrus","Counties",2010,37025,12,"Drug overdose deaths among NC Residents (ICD-10), all intents","metric","Number of deaths",NA,"Annual count was 3 and rate was NA","Lowest","Rate per 100,000 residents","8C) Equity: Hispanic",NA,NA,0,1,"73,801","100,000",3,4.064985569
"14","Deaths (Hispanic)","Caldwell","Counties",2010,37027,12,"Drug overdose deaths among NC Residents (ICD-10), all intents","metric","Number of deaths",NA,"Annual count was 0 and rate was NA","Lowest","Rate per 100,000 residents","8C) Equity: Hispanic",NA,NA,0,1,"16,730","100,000",0,0
"15","Deaths (Hispanic)","Camden","Counties",2010,37029,12,"Drug overdose deaths among NC Residents (ICD-10), all intents","metric","Number of deaths",NA,"Annual count was 0 and rate was NA","Lowest","Rate per 100,000 residents","8C) Equity: Hispanic",NA,NA,0,1,"999","100,000",0,0
"16","Deaths (Hispanic)","Carteret","Counties",2010,37031,12,"Drug overdose deaths among NC Residents (ICD-10), all intents","metric","Number of deaths",NA,"Annual count was 0 and rate was NA","Lowest","Rate per 100,000 residents","8C) Equity: Hispanic",NA,NA,0,1,"8,281","100,000",0,0
"17","Deaths (Hispanic)","Caswell","Counties",2010,37033,12,"Drug overdose deaths among NC Residents (ICD-10), all intents","metric","Number of deaths",NA,"Annual count was 0 and rate was NA","Lowest","Rate per 100,000 residents","8C) Equity: Hispanic",NA,NA,0,1,"3,209","100,000",0,0
"18","Deaths (Hispanic)","Catawba","Counties",2010,37035,12,"Drug overdose deaths among NC Residents (ICD-10), all intents","metric","Number of deaths",NA,"Annual count was 0 and rate was NA","Lowest","Rate per 100,000 residents","8C) Equity: Hispanic",NA,NA,0,1,"68,273","100,000",1,1.464707864
"19","Deaths (Hispanic)","Chatham","Counties",2010,37037,12,"Drug overdose deaths among NC Residents (ICD-10), all intents","metric","Number of deaths",NA,"Annual count was 0 and rate was NA","Lowest","Rate per 100,000 residents","8C) Equity: Hispanic",NA,NA,0,1,"39,061","100,000",0,0
"20","Deaths (Hispanic)","Cherokee","Counties",2010,37039,12,"Drug overdose deaths among NC Residents (ICD-10), all intents","metric","Number of deaths",NA,"Annual count was 0 and rate was NA","Lowest","Rate per 100,000 residents","8C) Equity: Hispanic",NA,NA,0,1,"2,304","100,000",0,0
"21","Deaths (Hispanic)","Chowan","Counties",2010,37041,12,"Drug overdose deaths among NC Residents (ICD-10), all intents","metric","Number of deaths",NA,"Annual count was 0 and rate was NA","Low","Rate per 100,000 residents","8C) Equity: Hispanic",NA,NA,0,1,"1,729","100,000",0,0
"22","Deaths (Hispanic)","Clay","Counties",2010,37043,12,"Drug overdose deaths among NC Residents (ICD-10), all intents","metric","Number of deaths",NA,"Annual count was 0 and rate was NA","Low","Rate per 100,000 residents","8C) Equity: Hispanic",NA,NA,0,1,"877","100,000",0,0
"23","Deaths (Hispanic)","Cleveland","Counties",2010,37045,12,"Drug overdose deaths among NC Residents (ICD-10), all intents","metric","Number of deaths",NA,"Annual count was 0 and rate was NA","Low","Rate per 100,000 residents","8C) Equity: Hispanic",NA,NA,0,1,"11,492","100,000",0,0
"24","Deaths (Hispanic)","Columbus","Counties",2010,37047,12,"Drug overdose deaths among NC Residents (ICD-10), all intents","metric","Number of deaths",NA,"Annual count was 0 and rate was NA","Low","Rate per 100,000 residents","8C) Equity: Hispanic",NA,NA,0,1,"9,842","100,000",0,0
"25","Deaths (Hispanic)","Craven","Counties",2010,37049,12,"Drug overdose deaths among NC Residents (ICD-10), all intents","metric","Number of deaths",NA,"Annual count was 1 and rate was NA","Low","Rate per 100,000 residents","8C) Equity: Hispanic",NA,NA,0,1,"21,011","100,000",2,9.518823473
"26","Deaths (Hispanic)","Cumberland","Counties",2010,37051,12,"Drug overdose deaths among NC Residents (ICD-10), all intents","metric","Number of deaths",NA,"Annual count was 1 and rate was NA","Low","Rate per 100,000 residents","8C) Equity: Hispanic",NA,NA,0,1,"106,573","100,000",4,3.753295863
"27","Deaths (Hispanic)","Currituck","Counties",2010,37053,12,"Drug overdose deaths among NC Residents (ICD-10), all intents","metric","Number of deaths",NA,"Annual count was 0 and rate was NA","Low","Rate per 100,000 residents","8C) Equity: Hispanic",NA,NA,0,1,"2,808","100,000",0,0
"28","Deaths (Hispanic)","Dare","Counties",2010,37055,12,"Drug overdose deaths among NC Residents (ICD-10), all intents","metric","Number of deaths",NA,"Annual count was 0 and rate was NA","Low","Rate per 100,000 residents","8C) Equity: Hispanic",NA,NA,0,1,"7,047","100,000",0,0
"29","Deaths (Hispanic)","Davidson","Counties",2010,37057,12,"Drug overdose deaths among NC Residents (ICD-10), all intents","metric","Number of deaths",NA,"Annual count was 0 and rate was NA","Low","Rate per 100,000 residents","8C) Equity: Hispanic",NA,NA,0,1,"47,044","100,000",0,0
"30","Deaths (Hispanic)","Davie","Counties",2010,37059,12,"Drug overdose deaths among NC Residents (ICD-10), all intents","metric","Number of deaths",NA,"Annual count was 0 and rate was NA","Low","Rate per 100,000 residents","8C) Equity: Hispanic",NA,NA,0,1,"12,846","100,000",0,0
"31","Deaths (Hispanic)","Duplin","Counties",2010,37061,12,"Drug overdose deaths among NC Residents (ICD-10), all intents","metric","Number of deaths",NA,"Annual count was 0 and rate was NA","Low","Rate per 100,000 residents","8C) Equity: Hispanic",NA,NA,0,1,"56,057","100,000",0,0
"32","Deaths (Hispanic)","Durham","Counties",2010,37063,12,"Drug overdose deaths among NC Residents (ICD-10), all intents","metric","Number of deaths",NA,"Annual count was 1 and rate was NA","Low","Rate per 100,000 residents","8C) Equity: Hispanic",NA,NA,0,1,"155,768","100,000",2,1.283960762
"33","Deaths (Hispanic)","Edgecombe","Counties",2010,37065,12,"Drug overdose deaths among NC Residents (ICD-10), all intents","metric","Number of deaths",NA,"Annual count was 0 and rate was NA","Low","Rate per 100,000 residents","8C) Equity: Hispanic",NA,NA,0,1,"10,991","100,000",0,0
"34","Deaths (Hispanic)","Forsyth","Counties",2010,37067,12,"Drug overdose deaths among NC Residents (ICD-10), all intents","metric","Number of deaths",NA,"Annual count was 0 and rate was NA","Low","Rate per 100,000 residents","8C) Equity: Hispanic",NA,NA,0,1,"185,058","100,000",4,2.161484508
"35","Deaths (Hispanic)","Franklin","Counties",2010,37069,12,"Drug overdose deaths among NC Residents (ICD-10), all intents","metric","Number of deaths",NA,"Annual count was 0 and rate was NA","Low","Rate per 100,000 residents","8C) Equity: Hispanic",NA,NA,0,1,"21,333","100,000",0,0
"36","Deaths (Hispanic)","Gaston","Counties",2010,37071,12,"Drug overdose deaths among NC Residents (ICD-10), all intents","metric","Number of deaths",NA,"Annual count was 0 and rate was NA","Low","Rate per 100,000 residents","8C) Equity: Hispanic",NA,NA,0,1,"57,757","100,000",3,5.194175598
"37","Deaths (Hispanic)","Gates","Counties",2010,37073,12,"Drug overdose deaths among NC Residents (ICD-10), all intents","metric","Number of deaths",NA,"Annual count was 0 and rate was NA","Low","Rate per 100,000 residents","8C) Equity: Hispanic",NA,NA,0,1,"707","100,000",0,0
"38","Deaths (Hispanic)","Graham","Counties",2010,37075,12,"Drug overdose deaths among NC Residents (ICD-10), all intents","metric","Number of deaths",NA,"Annual count was 0 and rate was NA","Low","Rate per 100,000 residents","8C) Equity: Hispanic",NA,NA,0,1,"616","100,000",0,0
"39","Deaths (Hispanic)","Granville","Counties",2010,37077,12,"Drug overdose deaths among NC Residents (ICD-10), all intents","metric","Number of deaths",NA,"Annual count was 0 and rate was NA","Low","Rate per 100,000 residents","8C) Equity: Hispanic",NA,NA,0,1,"19,420","100,000",0,0
"40","Deaths (Hispanic)","Greene","Counties",2010,37079,12,"Drug overdose deaths among NC Residents (ICD-10), all intents","metric","Number of deaths",NA,"Annual count was 0 and rate was NA","Low","Rate per 100,000 residents","8C) Equity: Hispanic",NA,NA,0,1,"13,285","100,000",0,0
"41","Deaths (Hispanic)","Guilford","Counties",2010,37081,12,"Drug overdose deaths among NC Residents (ICD-10), all intents","metric","Number of deaths",NA,"Annual count was 0 and rate was NA","Middle","Rate per 100,000 residents","8C) Equity: Hispanic",NA,NA,0,1,"149,282","100,000",2,1.339746252
"42","Deaths (Hispanic)","Halifax","Counties",2010,37083,12,"Drug overdose deaths among NC Residents (ICD-10), all intents","metric","Number of deaths",NA,"Annual count was 1 and rate was NA","Middle","Rate per 100,000 residents","8C) Equity: Hispanic",NA,NA,0,1,"4,090","100,000",1,24.44987775
"43","Deaths (Hispanic)","Harnett","Counties",2010,37085,12,"Drug overdose deaths among NC Residents (ICD-10), all intents","metric","Number of deaths",NA,"Annual count was 0 and rate was NA","Middle","Rate per 100,000 residents","8C) Equity: Hispanic",NA,NA,0,1,"50,178","100,000",0,0
"44","Deaths (Hispanic)","Haywood","Counties",2010,37087,12,"Drug overdose deaths among NC Residents (ICD-10), all intents","metric","Number of deaths",NA,"Annual count was 0 and rate was NA","Middle","Rate per 100,000 residents","8C) Equity: Hispanic",NA,NA,0,1,"6,747","100,000",0,0
"45","Deaths (Hispanic)","Henderson","Counties",2010,37089,12,"Drug overdose deaths among NC Residents (ICD-10), all intents","metric","Number of deaths",NA,"Annual count was 0 and rate was NA","Middle","Rate per 100,000 residents","8C) Equity: Hispanic",NA,NA,0,1,"45,502","100,000",0,0
"46","Deaths (Hispanic)","Hertford","Counties",2010,37091,12,"Drug overdose deaths among NC Residents (ICD-10), all intents","metric","Number of deaths",NA,"Annual count was 0 and rate was NA","Middle","Rate per 100,000 residents","8C) Equity: Hispanic",NA,NA,0,1,"2,571","100,000",0,0
"47","Deaths (Hispanic)","Hoke","Counties",2010,37093,12,"Drug overdose deaths among NC Residents (ICD-10), all intents","metric","Number of deaths",NA,"Annual count was 0 and rate was NA","Middle","Rate per 100,000 residents","8C) Equity: Hispanic",NA,NA,0,1,"24,958","100,000",0,0
"48","Deaths (Hispanic)","Hyde","Counties",2010,37095,12,"Drug overdose deaths among NC Residents (ICD-10), all intents","metric","Number of deaths",NA,"Annual count was 0 and rate was NA","Middle","Rate per 100,000 residents","8C) Equity: Hispanic",NA,NA,0,1,"1,062","100,000",0,0
"49","Deaths (Hispanic)","Iredell","Counties",2010,37097,12,"Drug overdose deaths among NC Residents (ICD-10), all intents","metric","Number of deaths",NA,"Annual count was 0 and rate was NA","Middle","Rate per 100,000 residents","8C) Equity: Hispanic",NA,NA,0,1,"45,553","100,000",0,0
"50","Deaths (Hispanic)","Jackson","Counties",2010,37099,12,"Drug overdose deaths among NC Residents (ICD-10), all intents","metric","Number of deaths",NA,"Annual count was 0 and rate was NA","Middle","Rate per 100,000 residents","8C) Equity: Hispanic",NA,NA,0,1,"5,823","100,000",1,17.17327838
"51","Deaths (Hispanic)","Johnston","Counties",2010,37101,12,"Drug overdose deaths among NC Residents (ICD-10), all intents","metric","Number of deaths",NA,"Annual count was 0 and rate was NA","Middle","Rate per 100,000 residents","8C) Equity: Hispanic",NA,NA,0,1,"92,551","100,000",0,0
"52","Deaths (Hispanic)","Jones","Counties",2010,37103,12,"Drug overdose deaths among NC Residents (ICD-10), all intents","metric","Number of deaths",NA,"Annual count was 0 and rate was NA","Middle","Rate per 100,000 residents","8C) Equity: Hispanic",NA,NA,0,1,"1,980","100,000",0,0
"53","Deaths (Hispanic)","Lee","Counties",2010,37105,12,"Drug overdose deaths among NC Residents (ICD-10), all intents","metric","Number of deaths",NA,"Annual count was 0 and rate was NA","Middle","Rate per 100,000 residents","8C) Equity: Hispanic",NA,NA,0,1,"48,229","100,000",0,0
"54","Deaths (Hispanic)","Lenoir","Counties",2010,37107,12,"Drug overdose deaths among NC Residents (ICD-10), all intents","metric","Number of deaths",NA,"Annual count was 0 and rate was NA","Middle","Rate per 100,000 residents","8C) Equity: Hispanic",NA,NA,0,1,"15,448","100,000",0,0
"55","Deaths (Hispanic)","Lincoln","Counties",2010,37109,12,"Drug overdose deaths among NC Residents (ICD-10), all intents","metric","Number of deaths",NA,"Annual count was 0 and rate was NA","Middle","Rate per 100,000 residents","8C) Equity: Hispanic",NA,NA,0,1,"29,997","100,000",0,0
"56","Deaths (Hispanic)","Macon","Counties",2010,37113,12,"Drug overdose deaths among NC Residents (ICD-10), all intents","metric","Number of deaths",NA,"Annual count was 0 and rate was NA","Middle","Rate per 100,000 residents","8C) Equity: Hispanic",NA,NA,0,1,"6,379","100,000",0,0
"57","Deaths (Hispanic)","Madison","Counties",2010,37115,12,"Drug overdose deaths among NC Residents (ICD-10), all intents","metric","Number of deaths",NA,"Annual count was 0 and rate was NA","Middle","Rate per 100,000 residents","8C) Equity: Hispanic",NA,NA,0,1,"1,866","100,000",0,0
"58","Deaths (Hispanic)","Martin","Counties",2010,37117,12,"Drug overdose deaths among NC Residents (ICD-10), all intents","metric","Number of deaths",NA,"Annual count was 0 and rate was NA","Middle","Rate per 100,000 residents","8C) Equity: Hispanic",NA,NA,0,1,"3,846","100,000",0,0
"59","Deaths (Hispanic)","McDowell","Counties",2010,37111,12,"Drug overdose deaths among NC Residents (ICD-10), all intents","metric","Number of deaths",NA,"Annual count was 0 and rate was NA","Middle","Rate per 100,000 residents","8C) Equity: Hispanic",NA,NA,0,1,"10,416","100,000",0,0
"60","Deaths (Hispanic)","Mecklenburg","Counties",2010,37119,12,"Drug overdose deaths among NC Residents (ICD-10), all intents","metric","Number of deaths",NA,"Annual count was 2 and rate was NA","Middle","Rate per 100,000 residents","8C) Equity: Hispanic",NA,NA,0,1,"474,151","100,000",9,1.898129499
"61","Deaths (Hispanic)","Mitchell","Counties",2010,37121,12,"Drug overdose deaths among NC Residents (ICD-10), all intents","metric","Number of deaths",NA,"Annual count was 0 and rate was NA","High","Rate per 100,000 residents","8C) Equity: Hispanic",NA,NA,0,1,"3,017","100,000",0,0
"62","Deaths (Hispanic)","Montgomery","Counties",2010,37123,12,"Drug overdose deaths among NC Residents (ICD-10), all intents","metric","Number of deaths",NA,"Annual count was 0 and rate was NA","High","Rate per 100,000 residents","8C) Equity: Hispanic",NA,NA,0,1,"21,043","100,000",0,0
"63","Deaths (Hispanic)","Moore","Counties",2010,37125,12,"Drug overdose deaths among NC Residents (ICD-10), all intents","metric","Number of deaths",NA,"Annual count was 0 and rate was NA","High","Rate per 100,000 residents","8C) Equity: Hispanic",NA,NA,0,1,"24,862","100,000",0,0
"64","Deaths (Hispanic)","Nash","Counties",2010,37127,12,"Drug overdose deaths among NC Residents (ICD-10), all intents","metric","Number of deaths",NA,"Annual count was 0 and rate was NA","High","Rate per 100,000 residents","8C) Equity: Hispanic",NA,NA,0,1,"23,410","100,000",1,4.27167877
"65","Deaths (Hispanic)","New Hanover","Counties",2010,37129,12,"Drug overdose deaths among NC Residents (ICD-10), all intents","metric","Number of deaths",NA,"Annual count was 0 and rate was NA","High","Rate per 100,000 residents","8C) Equity: Hispanic",NA,NA,0,1,"36,420","100,000",1,2.745744097
"66","Deaths (Hispanic)","Northampton","Counties",2010,37131,12,"Drug overdose deaths among NC Residents (ICD-10), all intents","metric","Number of deaths",NA,"Annual count was 0 and rate was NA","High","Rate per 100,000 residents","8C) Equity: Hispanic",NA,NA,0,1,"1,238","100,000",0,0
"67","Deaths (Hispanic)","Onslow","Counties",2010,37133,12,"Drug overdose deaths among NC Residents (ICD-10), all intents","metric","Number of deaths",NA,"Annual count was 0 and rate was NA","High","Rate per 100,000 residents","8C) Equity: Hispanic",NA,NA,0,1,"64,775","100,000",0,0
"68","Deaths (Hispanic)","Orange","Counties",2010,37135,12,"Drug overdose deaths among NC Residents (ICD-10), all intents","metric","Number of deaths",NA,"Annual count was 0 and rate was NA","High","Rate per 100,000 residents","8C) Equity: Hispanic",NA,NA,0,1,"40,479","100,000",0,0
"69","Deaths (Hispanic)","Pamlico","Counties",2010,37137,12,"Drug overdose deaths among NC Residents (ICD-10), all intents","metric","Number of deaths",NA,"Annual count was 0 and rate was NA","High","Rate per 100,000 residents","8C) Equity: Hispanic",NA,NA,0,1,"1,097","100,000",0,0
"70","Deaths (Hispanic)","Pasquotank","Counties",2010,37139,12,"Drug overdose deaths among NC Residents (ICD-10), all intents","metric","Number of deaths",NA,"Annual count was 0 and rate was NA","High","Rate per 100,000 residents","8C) Equity: Hispanic",NA,NA,0,1,"5,529","100,000",1,18.08645325
"71","Deaths (Hispanic)","Pender","Counties",2010,37141,12,"Drug overdose deaths among NC Residents (ICD-10), all intents","metric","Number of deaths",NA,"Annual count was 0 and rate was NA","High","Rate per 100,000 residents","8C) Equity: Hispanic",NA,NA,0,1,"14,110","100,000",0,0
"72","Deaths (Hispanic)","Perquimans","Counties",2010,37143,12,"Drug overdose deaths among NC Residents (ICD-10), all intents","metric","Number of deaths",NA,"Annual count was 0 and rate was NA","High","Rate per 100,000 residents","8C) Equity: Hispanic",NA,NA,0,1,"826","100,000",0,0
"73","Deaths (Hispanic)","Person","Counties",2010,37145,12,"Drug overdose deaths among NC Residents (ICD-10), all intents","metric","Number of deaths",NA,"Annual count was 0 and rate was NA","High","Rate per 100,000 residents","8C) Equity: Hispanic",NA,NA,0,1,"5,993","100,000",0,0
"74","Deaths (Hispanic)","Pitt","Counties",2010,37147,12,"Drug overdose deaths among NC Residents (ICD-10), all intents","metric","Number of deaths",NA,"Annual count was 0 and rate was NA","High","Rate per 100,000 residents","8C) Equity: Hispanic",NA,NA,0,1,"36,513","100,000",0,0
"75","Deaths (Hispanic)","Polk","Counties",2010,37149,12,"Drug overdose deaths among NC Residents (ICD-10), all intents","metric","Number of deaths",NA,"Annual count was 0 and rate was NA","High","Rate per 100,000 residents","8C) Equity: Hispanic",NA,NA,0,1,"4,365","100,000",0,0
"76","Deaths (Hispanic)","Randolph","Counties",2010,37151,12,"Drug overdose deaths among NC Residents (ICD-10), all intents","metric","Number of deaths",NA,"Annual count was 0 and rate was NA","High","Rate per 100,000 residents","8C) Equity: Hispanic",NA,NA,0,1,"72,489","100,000",0,0
"77","Deaths (Hispanic)","Richmond","Counties",2010,37153,12,"Drug overdose deaths among NC Residents (ICD-10), all intents","metric","Number of deaths",NA,"Annual count was 1 and rate was NA","High","Rate per 100,000 residents","8C) Equity: Hispanic",NA,NA,0,1,"10,910","100,000",1,9.165902841
"78","Deaths (Hispanic)","Robeson","Counties",2010,37155,12,"Drug overdose deaths among NC Residents (ICD-10), all intents","metric","Number of deaths",NA,"Annual count was 0 and rate was NA","High","Rate per 100,000 residents","8C) Equity: Hispanic",NA,NA,0,1,"53,720","100,000",4,7.446016381
"79","Deaths (Hispanic)","Rockingham","Counties",2010,37157,12,"Drug overdose deaths among NC Residents (ICD-10), all intents","metric","Number of deaths",NA,"Annual count was 0 and rate was NA","High","Rate per 100,000 residents","8C) Equity: Hispanic",NA,NA,0,1,"23,923","100,000",0,0
"80","Deaths (Hispanic)","Rowan","Counties",2010,37159,12,"Drug overdose deaths among NC Residents (ICD-10), all intents","metric","Number of deaths",NA,"Annual count was 0 and rate was NA","High","Rate per 100,000 residents","8C) Equity: Hispanic",NA,NA,0,1,"45,901","100,000",0,0
"81","Deaths (Hispanic)","Rutherford","Counties",2010,37161,12,"Drug overdose deaths among NC Residents (ICD-10), all intents","metric","Number of deaths",NA,"Annual count was 0 and rate was NA","Highest","Rate per 100,000 residents","8C) Equity: Hispanic",NA,NA,0,1,"8,212","100,000",0,0
"82","Deaths (Hispanic)","Sampson","Counties",2010,37163,12,"Drug overdose deaths among NC Residents (ICD-10), all intents","metric","Number of deaths",NA,"Annual count was 0 and rate was NA","Highest","Rate per 100,000 residents","8C) Equity: Hispanic",NA,NA,0,1,"50,446","100,000",0,0
"83","Deaths (Hispanic)","Scotland","Counties",2010,37165,12,"Drug overdose deaths among NC Residents (ICD-10), all intents","metric","Number of deaths",NA,"Annual count was 0 and rate was NA","Highest","Rate per 100,000 residents","8C) Equity: Hispanic",NA,NA,0,1,"2,846","100,000",0,0
"84","Deaths (Hispanic)","Stanly","Counties",2010,37167,12,"Drug overdose deaths among NC Residents (ICD-10), all intents","metric","Number of deaths",NA,"Annual count was 0 and rate was NA","Highest","Rate per 100,000 residents","8C) Equity: Hispanic",NA,NA,0,1,"10,130","100,000",0,0
"85","Deaths (Hispanic)","Stokes","Counties",2010,37169,12,"Drug overdose deaths among NC Residents (ICD-10), all intents","metric","Number of deaths",NA,"Annual count was 0 and rate was NA","Highest","Rate per 100,000 residents","8C) Equity: Hispanic",NA,NA,0,1,"5,711","100,000",0,0
"86","Deaths (Hispanic)","Surry","Counties",2010,37171,12,"Drug overdose deaths among NC Residents (ICD-10), all intents","metric","Number of deaths",NA,"Annual count was 0 and rate was NA","Highest","Rate per 100,000 residents","8C) Equity: Hispanic",NA,NA,0,1,"33,842","100,000",0,0
"87","Deaths (Hispanic)","Swain","Counties",2010,37173,12,"Drug overdose deaths among NC Residents (ICD-10), all intents","metric","Number of deaths",NA,"Annual count was 0 and rate was NA","Highest","Rate per 100,000 residents","8C) Equity: Hispanic",NA,NA,0,1,"2,049","100,000",0,0
"88","Deaths (Hispanic)","Transylvania","Counties",2010,37175,12,"Drug overdose deaths among NC Residents (ICD-10), all intents","metric","Number of deaths",NA,"Annual count was 0 and rate was NA","Highest","Rate per 100,000 residents","8C) Equity: Hispanic",NA,NA,0,1,"2,732","100,000",0,0
"89","Deaths (Hispanic)","Tyrrell","Counties",2010,37177,12,"Drug overdose deaths among NC Residents (ICD-10), all intents","metric","Number of deaths",NA,"Annual count was 0 and rate was NA","Highest","Rate per 100,000 residents","8C) Equity: Hispanic",NA,NA,0,1,"1,526","100,000",0,0
"90","Deaths (Hispanic)","Union","Counties",2010,37179,12,"Drug overdose deaths among NC Residents (ICD-10), all intents","metric","Number of deaths",NA,"Annual count was 1 and rate was NA","Highest","Rate per 100,000 residents","8C) Equity: Hispanic",NA,NA,0,1,"94,652","100,000",1,1.056501712
"91","Deaths (Hispanic)","Vance","Counties",2010,37181,12,"Drug overdose deaths among NC Residents (ICD-10), all intents","metric","Number of deaths",NA,"Annual count was 0 and rate was NA","Highest","Rate per 100,000 residents","8C) Equity: Hispanic",NA,NA,0,1,"14,077","100,000",0,0
"92","Deaths (Hispanic)","Wake","Counties",2010,37183,12,"Drug overdose deaths among NC Residents (ICD-10), all intents","metric","Number of deaths",NA,"Annual count was 1 and rate was NA","Highest","Rate per 100,000 residents","8C) Equity: Hispanic",NA,NA,0,1,"374,599","100,000",3,0.800856382
"93","Deaths (Hispanic)","Warren","Counties",2010,37185,12,"Drug overdose deaths among NC Residents (ICD-10), all intents","metric","Number of deaths",NA,"Annual count was 0 and rate was NA","Highest","Rate per 100,000 residents","8C) Equity: Hispanic",NA,NA,0,1,"2,872","100,000",0,0
"94","Deaths (Hispanic)","Washington","Counties",2010,37187,12,"Drug overdose deaths among NC Residents (ICD-10), all intents","metric","Number of deaths",NA,"Annual count was 0 and rate was NA","Highest","Rate per 100,000 residents","8C) Equity: Hispanic",NA,NA,0,1,"2,423","100,000",0,0
"95","Deaths (Hispanic)","Watauga","Counties",2010,37189,12,"Drug overdose deaths among NC Residents (ICD-10), all intents","metric","Number of deaths",NA,"Annual count was 0 and rate was NA","Highest","Rate per 100,000 residents","8C) Equity: Hispanic",NA,NA,0,1,"5,292","100,000",0,0
"96","Deaths (Hispanic)","Wayne","Counties",2010,37191,12,"Drug overdose deaths among NC Residents (ICD-10), all intents","metric","Number of deaths",NA,"Annual count was 0 and rate was NA","Highest","Rate per 100,000 residents","8C) Equity: Hispanic",NA,NA,0,1,"43,935","100,000",2,4.552179356
"97","Deaths (Hispanic)","Wilkes","Counties",2010,37193,12,"Drug overdose deaths among NC Residents (ICD-10), all intents","metric","Number of deaths",NA,"Annual count was 0 and rate was NA","Highest","Rate per 100,000 residents","8C) Equity: Hispanic",NA,NA,0,1,"17,978","100,000",0,0
"98","Deaths (Hispanic)","Wilson","Counties",2010,37195,12,"Drug overdose deaths among NC Residents (ICD-10), all intents","metric","Number of deaths",NA,"Annual count was 0 and rate was NA","Highest","Rate per 100,000 residents","8C) Equity: Hispanic",NA,NA,0,1,"34,187","100,000",0,0
"99","Deaths (Hispanic)","Yadkin","Counties",2010,37197,12,"Drug overdose deaths among NC Residents (ICD-10), all intents","metric","Number of deaths",NA,"Annual count was 0 and rate was NA","Highest","Rate per 100,000 residents","8C) Equity: Hispanic",NA,NA,0,1,"17,139","100,000",0,0
"100","Deaths (Hispanic)","Yancey","Counties",2010,37199,12,"Drug overdose deaths among NC Residents (ICD-10), all intents","metric","Number of deaths",NA,"Annual count was 0 and rate was NA","Highest","Rate per 100,000 residents","8C) Equity: Hispanic",NA,NA,0,1,"4,759","100,000",0,0
"101","Deaths (Hispanic)","Alamance","Counties",2015,37001,12,"Drug overdose deaths among NC Residents (ICD-10), all intents","metric","Number of deaths",NA,"Annual count was 1 and rate was NA","Lowest","Rate per 100,000 residents","8C) Equity: Hispanic",NA,NA,0,1,"92,130","100,000",2,2.170845544
"102","Deaths (Hispanic)","Alexander","Counties",2015,37003,12,"Drug overdose deaths among NC Residents (ICD-10), all intents","metric","Number of deaths",NA,"Annual count was 0 and rate was NA","Lowest","Rate per 100,000 residents","8C) Equity: Hispanic",NA,NA,0,1,"8,127","100,000",0,0
"103","Deaths (Hispanic)","Alleghany","Counties",2015,37005,12,"Drug overdose deaths among NC Residents (ICD-10), all intents","metric","Number of deaths",NA,"Annual count was 0 and rate was NA","Lowest","Rate per 100,000 residents","8C) Equity: Hispanic",NA,NA,0,1,"5,196","100,000",0,0
"104","Deaths (Hispanic)","Anson","Counties",2015,37007,12,"Drug overdose deaths among NC Residents (ICD-10), all intents","metric","Number of deaths",NA,"Annual count was 0 and rate was NA","Lowest","Rate per 100,000 residents","8C) Equity: Hispanic",NA,NA,0,1,"4,453","100,000",0,0
"105","Deaths (Hispanic)","Ashe","Counties",2015,37009,12,"Drug overdose deaths among NC Residents (ICD-10), all intents","metric","Number of deaths",NA,"Annual count was 0 and rate was NA","Lowest","Rate per 100,000 residents","8C) Equity: Hispanic",NA,NA,0,1,"6,844","100,000",0,0
"106","Deaths (Hispanic)","Avery","Counties",2015,37011,12,"Drug overdose deaths among NC Residents (ICD-10), all intents","metric","Number of deaths",NA,"Annual count was 0 and rate was NA","Lowest","Rate per 100,000 residents","8C) Equity: Hispanic",NA,NA,0,1,"4,199","100,000",0,0
"107","Deaths (Hispanic)","Beaufort","Counties",2015,37013,12,"Drug overdose deaths among NC Residents (ICD-10), all intents","metric","Number of deaths",NA,"Annual count was 0 and rate was NA","Lowest","Rate per 100,000 residents","8C) Equity: Hispanic",NA,NA,0,1,"17,634","100,000",0,0
"108","Deaths (Hispanic)","Bertie","Counties",2015,37015,12,"Drug overdose deaths among NC Residents (ICD-10), all intents","metric","Number of deaths",NA,"Annual count was 0 and rate was NA","Lowest","Rate per 100,000 residents","8C) Equity: Hispanic",NA,NA,0,1,"1,626","100,000",0,0
"109","Deaths (Hispanic)","Bladen","Counties",2015,37017,12,"Drug overdose deaths among NC Residents (ICD-10), all intents","metric","Number of deaths",NA,"Annual count was 0 and rate was NA","Lowest","Rate per 100,000 residents","8C) Equity: Hispanic",NA,NA,0,1,"13,024","100,000",0,0
"110","Deaths (Hispanic)","Brunswick","Counties",2015,37019,12,"Drug overdose deaths among NC Residents (ICD-10), all intents","metric","Number of deaths",NA,"Annual count was 1 and rate was NA","Lowest","Rate per 100,000 residents","8C) Equity: Hispanic",NA,NA,0,1,"28,354","100,000",3,10.58051774
"111","Deaths (Hispanic)","Buncombe","Counties",2015,37021,12,"Drug overdose deaths among NC Residents (ICD-10), all intents","metric","Number of deaths",NA,"Annual count was 0 and rate was NA","Lowest","Rate per 100,000 residents","8C) Equity: Hispanic",NA,NA,0,1,"78,807","100,000",0,0
"112","Deaths (Hispanic)","Burke","Counties",2015,37023,12,"Drug overdose deaths among NC Residents (ICD-10), all intents","metric","Number of deaths",NA,"Annual count was 0 and rate was NA","Lowest","Rate per 100,000 residents","8C) Equity: Hispanic",NA,NA,0,1,"25,906","100,000",0,0
"113","Deaths (Hispanic)","Cabarrus","Counties",2015,37025,12,"Drug overdose deaths among NC Residents (ICD-10), all intents","metric","Number of deaths",NA,"Annual count was 0 and rate was NA","Lowest","Rate per 100,000 residents","8C) Equity: Hispanic",NA,NA,0,1,"92,777","100,000",0,0
"114","Deaths (Hispanic)","Caldwell","Counties",2015,37027,12,"Drug overdose deaths among NC Residents (ICD-10), all intents","metric","Number of deaths",NA,"Annual count was 1 and rate was NA","Lowest","Rate per 100,000 residents","8C) Equity: Hispanic",NA,NA,0,1,"19,887","100,000",1,5.028410519
"115","Deaths (Hispanic)","Camden","Counties",2015,37029,12,"Drug overdose deaths among NC Residents (ICD-10), all intents","metric","Number of deaths",NA,"Annual count was 0 and rate was NA","Lowest","Rate per 100,000 residents","8C) Equity: Hispanic",NA,NA,0,1,"1,317","100,000",0,0
"116","Deaths (Hispanic)","Carteret","Counties",2015,37031,12,"Drug overdose deaths among NC Residents (ICD-10), all intents","metric","Number of deaths",NA,"Annual count was 0 and rate was NA","Lowest","Rate per 100,000 residents","8C) Equity: Hispanic",NA,NA,0,1,"13,845","100,000",0,0
"117","Deaths (Hispanic)","Caswell","Counties",2015,37033,12,"Drug overdose deaths among NC Residents (ICD-10), all intents","metric","Number of deaths",NA,"Annual count was 0 and rate was NA","Lowest","Rate per 100,000 residents","8C) Equity: Hispanic",NA,NA,0,1,"3,931","100,000",0,0
"118","Deaths (Hispanic)","Catawba","Counties",2015,37035,12,"Drug overdose deaths among NC Residents (ICD-10), all intents","metric","Number of deaths",NA,"Annual count was 0 and rate was NA","Lowest","Rate per 100,000 residents","8C) Equity: Hispanic",NA,NA,0,1,"67,726","100,000",2,2.953075628
"119","Deaths (Hispanic)","Chatham","Counties",2015,37037,12,"Drug overdose deaths among NC Residents (ICD-10), all intents","metric","Number of deaths",NA,"Annual count was 0 and rate was NA","Lowest","Rate per 100,000 residents","8C) Equity: Hispanic",NA,NA,0,1,"43,169","100,000",1,2.316477102
"120","Deaths (Hispanic)","Cherokee","Counties",2015,37039,12,"Drug overdose deaths among NC Residents (ICD-10), all intents","metric","Number of deaths",NA,"Annual count was 0 and rate was NA","Lowest","Rate per 100,000 residents","8C) Equity: Hispanic",NA,NA,0,1,"3,814","100,000",1,26.21919245
"121","Deaths (Hispanic)","Chowan","Counties",2015,37041,12,"Drug overdose deaths among NC Residents (ICD-10), all intents","metric","Number of deaths",NA,"Annual count was 0 and rate was NA","Low","Rate per 100,000 residents","8C) Equity: Hispanic",NA,NA,0,1,"2,481","100,000",0,0
"122","Deaths (Hispanic)","Clay","Counties",2015,37043,12,"Drug overdose deaths among NC Residents (ICD-10), all intents","metric","Number of deaths",NA,"Annual count was 0 and rate was NA","Low","Rate per 100,000 residents","8C) Equity: Hispanic",NA,NA,0,1,"1,558","100,000",0,0
"123","Deaths (Hispanic)","Cleveland","Counties",2015,37045,12,"Drug overdose deaths among NC Residents (ICD-10), all intents","metric","Number of deaths",NA,"Annual count was 0 and rate was NA","Low","Rate per 100,000 residents","8C) Equity: Hispanic",NA,NA,0,1,"15,048","100,000",0,0
"124","Deaths (Hispanic)","Columbus","Counties",2015,37047,12,"Drug overdose deaths among NC Residents (ICD-10), all intents","metric","Number of deaths",NA,"Annual count was 0 and rate was NA","Low","Rate per 100,000 residents","8C) Equity: Hispanic",NA,NA,0,1,"13,715","100,000",0,0
"125","Deaths (Hispanic)","Craven","Counties",2015,37049,12,"Drug overdose deaths among NC Residents (ICD-10), all intents","metric","Number of deaths",NA,"Annual count was 0 and rate was NA","Low","Rate per 100,000 residents","8C) Equity: Hispanic",NA,NA,0,1,"35,885","100,000",0,0
"126","Deaths (Hispanic)","Cumberland","Counties",2015,37051,12,"Drug overdose deaths among NC Residents (ICD-10), all intents","metric","Number of deaths",NA,"Annual count was 0 and rate was NA","Low","Rate per 100,000 residents","8C) Equity: Hispanic",NA,NA,0,1,"172,176","100,000",7,4.065607286
"127","Deaths (Hispanic)","Currituck","Counties",2015,37053,12,"Drug overdose deaths among NC Residents (ICD-10), all intents","metric","Number of deaths",NA,"Annual count was 1 and rate was NA","Low","Rate per 100,000 residents","8C) Equity: Hispanic",NA,NA,0,1,"4,254","100,000",1,23.50728726
"128","Deaths (Hispanic)","Dare","Counties",2015,37055,12,"Drug overdose deaths among NC Residents (ICD-10), all intents","metric","Number of deaths",NA,"Annual count was 0 and rate was NA","Low","Rate per 100,000 residents","8C) Equity: Hispanic",NA,NA,0,1,"11,881","100,000",0,0
"129","Deaths (Hispanic)","Davidson","Counties",2015,37057,12,"Drug overdose deaths among NC Residents (ICD-10), all intents","metric","Number of deaths",NA,"Annual count was 0 and rate was NA","Low","Rate per 100,000 residents","8C) Equity: Hispanic",NA,NA,0,1,"54,351","100,000",2,3.679785101
"130","Deaths (Hispanic)","Davie","Counties",2015,37059,12,"Drug overdose deaths among NC Residents (ICD-10), all intents","metric","Number of deaths",NA,"Annual count was 0 and rate was NA","Low","Rate per 100,000 residents","8C) Equity: Hispanic",NA,NA,0,1,"13,169","100,000",0,0
"131","Deaths (Hispanic)","Duplin","Counties",2015,37061,12,"Drug overdose deaths among NC Residents (ICD-10), all intents","metric","Number of deaths",NA,"Annual count was 0 and rate was NA","Low","Rate per 100,000 residents","8C) Equity: Hispanic",NA,NA,0,1,"63,807","100,000",1,1.567226166
"132","Deaths (Hispanic)","Durham","Counties",2015,37063,12,"Drug overdose deaths among NC Residents (ICD-10), all intents","metric","Number of deaths",NA,"Annual count was 0 and rate was NA","Low","Rate per 100,000 residents","8C) Equity: Hispanic",NA,NA,0,1,"192,901","100,000",4,2.073602522
"133","Deaths (Hispanic)","Edgecombe","Counties",2015,37065,12,"Drug overdose deaths among NC Residents (ICD-10), all intents","metric","Number of deaths",NA,"Annual count was 0 and rate was NA","Low","Rate per 100,000 residents","8C) Equity: Hispanic",NA,NA,0,1,"11,173","100,000",0,0
"134","Deaths (Hispanic)","Forsyth","Counties",2015,37067,12,"Drug overdose deaths among NC Residents (ICD-10), all intents","metric","Number of deaths",NA,"Annual count was 2 and rate was NA","Low","Rate per 100,000 residents","8C) Equity: Hispanic",NA,NA,0,1,"225,246","100,000",4,1.775836197
"135","Deaths (Hispanic)","Franklin","Counties",2015,37069,12,"Drug overdose deaths among NC Residents (ICD-10), all intents","metric","Number of deaths",NA,"Annual count was 0 and rate was NA","Low","Rate per 100,000 residents","8C) Equity: Hispanic",NA,NA,0,1,"24,738","100,000",1,4.042363974
"136","Deaths (Hispanic)","Gaston","Counties",2015,37071,12,"Drug overdose deaths among NC Residents (ICD-10), all intents","metric","Number of deaths",NA,"Annual count was 0 and rate was NA","Low","Rate per 100,000 residents","8C) Equity: Hispanic",NA,NA,0,1,"66,061","100,000",0,0
"137","Deaths (Hispanic)","Gates","Counties",2015,37073,12,"Drug overdose deaths among NC Residents (ICD-10), all intents","metric","Number of deaths",NA,"Annual count was 0 and rate was NA","Low","Rate per 100,000 residents","8C) Equity: Hispanic",NA,NA,0,1,"1,068","100,000",0,0
"138","Deaths (Hispanic)","Graham","Counties",2015,37075,12,"Drug overdose deaths among NC Residents (ICD-10), all intents","metric","Number of deaths",NA,"Annual count was 0 and rate was NA","Low","Rate per 100,000 residents","8C) Equity: Hispanic",NA,NA,0,1,"1,263","100,000",0,0
"139","Deaths (Hispanic)","Granville","Counties",2015,37077,12,"Drug overdose deaths among NC Residents (ICD-10), all intents","metric","Number of deaths",NA,"Annual count was 0 and rate was NA","Low","Rate per 100,000 residents","8C) Equity: Hispanic",NA,NA,0,1,"22,617","100,000",0,0
"140","Deaths (Hispanic)","Greene","Counties",2015,37079,12,"Drug overdose deaths among NC Residents (ICD-10), all intents","metric","Number of deaths",NA,"Annual count was 0 and rate was NA","Low","Rate per 100,000 residents","8C) Equity: Hispanic",NA,NA,0,1,"15,596","100,000",0,0
"141","Deaths (Hispanic)","Guilford","Counties",2015,37081,12,"Drug overdose deaths among NC Residents (ICD-10), all intents","metric","Number of deaths",NA,"Annual count was 1 and rate was NA","Middle","Rate per 100,000 residents","8C) Equity: Hispanic",NA,NA,0,1,"190,697","100,000",2,1.048784197
"142","Deaths (Hispanic)","Halifax","Counties",2015,37083,12,"Drug overdose deaths among NC Residents (ICD-10), all intents","metric","Number of deaths",NA,"Annual count was 0 and rate was NA","Middle","Rate per 100,000 residents","8C) Equity: Hispanic",NA,NA,0,1,"6,883","100,000",0,0
"143","Deaths (Hispanic)","Harnett","Counties",2015,37085,12,"Drug overdose deaths among NC Residents (ICD-10), all intents","metric","Number of deaths",NA,"Annual count was 0 and rate was NA","Middle","Rate per 100,000 residents","8C) Equity: Hispanic",NA,NA,0,1,"72,654","100,000",0,0
"144","Deaths (Hispanic)","Haywood","Counties",2015,37087,12,"Drug overdose deaths among NC Residents (ICD-10), all intents","metric","Number of deaths",NA,"Annual count was 0 and rate was NA","Middle","Rate per 100,000 residents","8C) Equity: Hispanic",NA,NA,0,1,"10,609","100,000",1,9.425959091
"145","Deaths (Hispanic)","Henderson","Counties",2015,37089,12,"Drug overdose deaths among NC Residents (ICD-10), all intents","metric","Number of deaths",NA,"Annual count was 0 and rate was NA","Middle","Rate per 100,000 residents","8C) Equity: Hispanic",NA,NA,0,1,"54,539","100,000",0,0
"146","Deaths (Hispanic)","Hertford","Counties",2015,37091,12,"Drug overdose deaths among NC Residents (ICD-10), all intents","metric","Number of deaths",NA,"Annual count was 0 and rate was NA","Middle","Rate per 100,000 residents","8C) Equity: Hispanic",NA,NA,0,1,"4,082","100,000",0,0
"147","Deaths (Hispanic)","Hoke","Counties",2015,37093,12,"Drug overdose deaths among NC Residents (ICD-10), all intents","metric","Number of deaths",NA,"Annual count was 0 and rate was NA","Middle","Rate per 100,000 residents","8C) Equity: Hispanic",NA,NA,0,1,"31,688","100,000",0,0
"148","Deaths (Hispanic)","Hyde","Counties",2015,37095,12,"Drug overdose deaths among NC Residents (ICD-10), all intents","metric","Number of deaths",NA,"Annual count was 0 and rate was NA","Middle","Rate per 100,000 residents","8C) Equity: Hispanic",NA,NA,0,1,"2,203","100,000",0,0
"149","Deaths (Hispanic)","Iredell","Counties",2015,37097,12,"Drug overdose deaths among NC Residents (ICD-10), all intents","metric","Number of deaths",NA,"Annual count was 1 and rate was NA","Middle","Rate per 100,000 residents","8C) Equity: Hispanic",NA,NA,0,1,"59,158","100,000",1,1.690388451
"150","Deaths (Hispanic)","Jackson","Counties",2015,37099,12,"Drug overdose deaths among NC Residents (ICD-10), all intents","metric","Number of deaths",NA,"Annual count was 0 and rate was NA","Middle","Rate per 100,000 residents","8C) Equity: Hispanic",NA,NA,0,1,"10,475","100,000",0,0
"151","Deaths (Hispanic)","Johnston","Counties",2015,37101,12,"Drug overdose deaths among NC Residents (ICD-10), all intents","metric","Number of deaths",NA,"Annual count was 0 and rate was NA","Middle","Rate per 100,000 residents","8C) Equity: Hispanic",NA,NA,0,1,"117,944","100,000",0,0
"152","Deaths (Hispanic)","Jones","Counties",2015,37103,12,"Drug overdose deaths among NC Residents (ICD-10), all intents","metric","Number of deaths",NA,"Annual count was 0 and rate was NA","Middle","Rate per 100,000 residents","8C) Equity: Hispanic",NA,NA,0,1,"2,185","100,000",1,45.76659039
"153","Deaths (Hispanic)","Lee","Counties",2015,37105,12,"Drug overdose deaths among NC Residents (ICD-10), all intents","metric","Number of deaths",NA,"Annual count was 0 and rate was NA","Middle","Rate per 100,000 residents","8C) Equity: Hispanic",NA,NA,0,1,"57,706","100,000",1,1.732922053
"154","Deaths (Hispanic)","Lenoir","Counties",2015,37107,12,"Drug overdose deaths among NC Residents (ICD-10), all intents","metric","Number of deaths",NA,"Annual count was 0 and rate was NA","Middle","Rate per 100,000 residents","8C) Equity: Hispanic",NA,NA,0,1,"21,197","100,000",0,0
"155","Deaths (Hispanic)","Lincoln","Counties",2015,37109,12,"Drug overdose deaths among NC Residents (ICD-10), all intents","metric","Number of deaths",NA,"Annual count was 0 and rate was NA","Middle","Rate per 100,000 residents","8C) Equity: Hispanic",NA,NA,0,1,"28,125","100,000",0,0
"156","Deaths (Hispanic)","Macon","Counties",2015,37113,12,"Drug overdose deaths among NC Residents (ICD-10), all intents","metric","Number of deaths",NA,"Annual count was 0 and rate was NA","Middle","Rate per 100,000 residents","8C) Equity: Hispanic",NA,NA,0,1,"11,323","100,000",1,8.831581736
"157","Deaths (Hispanic)","Madison","Counties",2015,37115,12,"Drug overdose deaths among NC Residents (ICD-10), all intents","metric","Number of deaths",NA,"Annual count was 0 and rate was NA","Middle","Rate per 100,000 residents","8C) Equity: Hispanic",NA,NA,0,1,"2,515","100,000",0,0
"158","Deaths (Hispanic)","Martin","Counties",2015,37117,12,"Drug overdose deaths among NC Residents (ICD-10), all intents","metric","Number of deaths",NA,"Annual count was 0 and rate was NA","Middle","Rate per 100,000 residents","8C) Equity: Hispanic",NA,NA,0,1,"4,184","100,000",0,0
"159","Deaths (Hispanic)","McDowell","Counties",2015,37111,12,"Drug overdose deaths among NC Residents (ICD-10), all intents","metric","Number of deaths",NA,"Annual count was 0 and rate was NA","Middle","Rate per 100,000 residents","8C) Equity: Hispanic",NA,NA,0,1,"12,534","100,000",0,0
"160","Deaths (Hispanic)","Mecklenburg","Counties",2015,37119,12,"Drug overdose deaths among NC Residents (ICD-10), all intents","metric","Number of deaths",NA,"Annual count was 4 and rate was NA","Middle","Rate per 100,000 residents","8C) Equity: Hispanic",NA,NA,0,1,"624,082","100,000",11,1.762588891
"161","Deaths (Hispanic)","Mitchell","Counties",2015,37121,12,"Drug overdose deaths among NC Residents (ICD-10), all intents","metric","Number of deaths",NA,"Annual count was 0 and rate was NA","High","Rate per 100,000 residents","8C) Equity: Hispanic",NA,NA,0,1,"3,547","100,000",0,0
"162","Deaths (Hispanic)","Montgomery","Counties",2015,37123,12,"Drug overdose deaths among NC Residents (ICD-10), all intents","metric","Number of deaths",NA,"Annual count was 0 and rate was NA","High","Rate per 100,000 residents","8C) Equity: Hispanic",NA,NA,0,1,"20,610","100,000",0,0
"163","Deaths (Hispanic)","Moore","Counties",2015,37125,12,"Drug overdose deaths among NC Residents (ICD-10), all intents","metric","Number of deaths",NA,"Annual count was 0 and rate was NA","High","Rate per 100,000 residents","8C) Equity: Hispanic",NA,NA,0,1,"28,574","100,000",1,3.499685028
"164","Deaths (Hispanic)","Nash","Counties",2015,37127,12,"Drug overdose deaths among NC Residents (ICD-10), all intents","metric","Number of deaths",NA,"Annual count was 1 and rate was NA","High","Rate per 100,000 residents","8C) Equity: Hispanic",NA,NA,0,1,"31,083","100,000",1,3.217192678
"165","Deaths (Hispanic)","New Hanover","Counties",2015,37129,12,"Drug overdose deaths among NC Residents (ICD-10), all intents","metric","Number of deaths",NA,"Annual count was 1 and rate was NA","High","Rate per 100,000 residents","8C) Equity: Hispanic",NA,NA,0,1,"57,651","100,000",2,3.469150578
"166","Deaths (Hispanic)","Northampton","Counties",2015,37131,12,"Drug overdose deaths among NC Residents (ICD-10), all intents","metric","Number of deaths",NA,"Annual count was 0 and rate was NA","High","Rate per 100,000 residents","8C) Equity: Hispanic",NA,NA,0,1,"1,937","100,000",0,0
"167","Deaths (Hispanic)","Onslow","Counties",2015,37133,12,"Drug overdose deaths among NC Residents (ICD-10), all intents","metric","Number of deaths",NA,"Annual count was 1 and rate was NA","High","Rate per 100,000 residents","8C) Equity: Hispanic",NA,NA,0,1,"106,828","100,000",1,0.936084173
"168","Deaths (Hispanic)","Orange","Counties",2015,37135,12,"Drug overdose deaths among NC Residents (ICD-10), all intents","metric","Number of deaths",NA,"Annual count was 0 and rate was NA","High","Rate per 100,000 residents","8C) Equity: Hispanic",NA,NA,0,1,"57,931","100,000",0,0
"169","Deaths (Hispanic)","Pamlico","Counties",2015,37137,12,"Drug overdose deaths among NC Residents (ICD-10), all intents","metric","Number of deaths",NA,"Annual count was 0 and rate was NA","High","Rate per 100,000 residents","8C) Equity: Hispanic",NA,NA,0,1,"2,230","100,000",0,0
"170","Deaths (Hispanic)","Pasquotank","Counties",2015,37139,12,"Drug overdose deaths among NC Residents (ICD-10), all intents","metric","Number of deaths",NA,"Annual count was 0 and rate was NA","High","Rate per 100,000 residents","8C) Equity: Hispanic",NA,NA,0,1,"9,007","100,000",0,0
"171","Deaths (Hispanic)","Pender","Counties",2015,37141,12,"Drug overdose deaths among NC Residents (ICD-10), all intents","metric","Number of deaths",NA,"Annual count was 0 and rate was NA","High","Rate per 100,000 residents","8C) Equity: Hispanic",NA,NA,0,1,"17,586","100,000",0,0
"172","Deaths (Hispanic)","Perquimans","Counties",2015,37143,12,"Drug overdose deaths among NC Residents (ICD-10), all intents","metric","Number of deaths",NA,"Annual count was 0 and rate was NA","High","Rate per 100,000 residents","8C) Equity: Hispanic",NA,NA,0,1,"1,541","100,000",0,0
"173","Deaths (Hispanic)","Person","Counties",2015,37145,12,"Drug overdose deaths among NC Residents (ICD-10), all intents","metric","Number of deaths",NA,"Annual count was 0 and rate was NA","High","Rate per 100,000 residents","8C) Equity: Hispanic",NA,NA,0,1,"8,315","100,000",0,0
"174","Deaths (Hispanic)","Pitt","Counties",2015,37147,12,"Drug overdose deaths among NC Residents (ICD-10), all intents","metric","Number of deaths",NA,"Annual count was 1 and rate was NA","High","Rate per 100,000 residents","8C) Equity: Hispanic",NA,NA,0,1,"50,423","100,000",1,1.983221942
"175","Deaths (Hispanic)","Polk","Counties",2015,37149,12,"Drug overdose deaths among NC Residents (ICD-10), all intents","metric","Number of deaths",NA,"Annual count was 0 and rate was NA","High","Rate per 100,000 residents","8C) Equity: Hispanic",NA,NA,0,1,"5,785","100,000",0,0
"176","Deaths (Hispanic)","Randolph","Counties",2015,37151,12,"Drug overdose deaths among NC Residents (ICD-10), all intents","metric","Number of deaths",NA,"Annual count was 1 and rate was NA","High","Rate per 100,000 residents","8C) Equity: Hispanic",NA,NA,0,1,"78,069","100,000",2,2.561836324
"177","Deaths (Hispanic)","Richmond","Counties",2015,37153,12,"Drug overdose deaths among NC Residents (ICD-10), all intents","metric","Number of deaths",NA,"Annual count was 0 and rate was NA","High","Rate per 100,000 residents","8C) Equity: Hispanic",NA,NA,0,1,"14,609","100,000",0,0
"178","Deaths (Hispanic)","Robeson","Counties",2015,37155,12,"Drug overdose deaths among NC Residents (ICD-10), all intents","metric","Number of deaths",NA,"Annual count was 0 and rate was NA","High","Rate per 100,000 residents","8C) Equity: Hispanic",NA,NA,0,1,"55,369","100,000",0,0
"179","Deaths (Hispanic)","Rockingham","Counties",2015,37157,12,"Drug overdose deaths among NC Residents (ICD-10), all intents","metric","Number of deaths",NA,"Annual count was 0 and rate was NA","High","Rate per 100,000 residents","8C) Equity: Hispanic",NA,NA,0,1,"27,013","100,000",0,0
"180","Deaths (Hispanic)","Rowan","Counties",2015,37159,12,"Drug overdose deaths among NC Residents (ICD-10), all intents","metric","Number of deaths",NA,"Annual count was 1 and rate was NA","High","Rate per 100,000 residents","8C) Equity: Hispanic",NA,NA,0,1,"55,868","100,000",1,1.789933414
"181","Deaths (Hispanic)","Rutherford","Counties",2015,37161,12,"Drug overdose deaths among NC Residents (ICD-10), all intents","metric","Number of deaths",NA,"Annual count was 1 and rate was NA","Highest","Rate per 100,000 residents","8C) Equity: Hispanic",NA,NA,0,1,"13,033","100,000",2,15.34566101
"182","Deaths (Hispanic)","Sampson","Counties",2015,37163,12,"Drug overdose deaths among NC Residents (ICD-10), all intents","metric","Number of deaths",NA,"Annual count was 0 and rate was NA","Highest","Rate per 100,000 residents","8C) Equity: Hispanic",NA,NA,0,1,"57,252","100,000",3,5.239991616
"183","Deaths (Hispanic)","Scotland","Counties",2015,37165,12,"Drug overdose deaths among NC Residents (ICD-10), all intents","metric","Number of deaths",NA,"Annual count was 1 and rate was NA","Highest","Rate per 100,000 residents","8C) Equity: Hispanic",NA,NA,0,1,"4,814","100,000",1,20.77274616
"184","Deaths (Hispanic)","Stanly","Counties",2015,37167,12,"Drug overdose deaths among NC Residents (ICD-10), all intents","metric","Number of deaths",NA,"Annual count was 0 and rate was NA","Highest","Rate per 100,000 residents","8C) Equity: Hispanic",NA,NA,0,1,"11,713","100,000",0,0
"185","Deaths (Hispanic)","Stokes","Counties",2015,37169,12,"Drug overdose deaths among NC Residents (ICD-10), all intents","metric","Number of deaths",NA,"Annual count was 0 and rate was NA","Highest","Rate per 100,000 residents","8C) Equity: Hispanic",NA,NA,0,1,"6,587","100,000",0,0
"186","Deaths (Hispanic)","Surry","Counties",2015,37171,12,"Drug overdose deaths among NC Residents (ICD-10), all intents","metric","Number of deaths",NA,"Annual count was 0 and rate was NA","Highest","Rate per 100,000 residents","8C) Equity: Hispanic",NA,NA,0,1,"36,838","100,000",0,0
"187","Deaths (Hispanic)","Swain","Counties",2015,37173,12,"Drug overdose deaths among NC Residents (ICD-10), all intents","metric","Number of deaths",NA,"Annual count was 0 and rate was NA","Highest","Rate per 100,000 residents","8C) Equity: Hispanic",NA,NA,0,1,"3,192","100,000",0,0
"188","Deaths (Hispanic)","Transylvania","Counties",2015,37175,12,"Drug overdose deaths among NC Residents (ICD-10), all intents","metric","Number of deaths",NA,"Annual count was 0 and rate was NA","Highest","Rate per 100,000 residents","8C) Equity: Hispanic",NA,NA,0,1,"5,134","100,000",0,0
"189","Deaths (Hispanic)","Tyrrell","Counties",2015,37177,12,"Drug overdose deaths among NC Residents (ICD-10), all intents","metric","Number of deaths",NA,"Annual count was 0 and rate was NA","Highest","Rate per 100,000 residents","8C) Equity: Hispanic",NA,NA,0,1,"1,448","100,000",0,0
"190","Deaths (Hispanic)","Union","Counties",2015,37179,12,"Drug overdose deaths among NC Residents (ICD-10), all intents","metric","Number of deaths",NA,"Annual count was 1 and rate was NA","Highest","Rate per 100,000 residents","8C) Equity: Hispanic",NA,NA,0,1,"116,154","100,000",1,0.860926012
"191","Deaths (Hispanic)","Vance","Counties",2015,37181,12,"Drug overdose deaths among NC Residents (ICD-10), all intents","metric","Number of deaths",NA,"Annual count was 0 and rate was NA","Highest","Rate per 100,000 residents","8C) Equity: Hispanic",NA,NA,0,1,"15,941","100,000",0,0
"192","Deaths (Hispanic)","Wake","Counties",2015,37183,12,"Drug overdose deaths among NC Residents (ICD-10), all intents","metric","Number of deaths",NA,"Annual count was 3 and rate was NA","Highest","Rate per 100,000 residents","8C) Equity: Hispanic",NA,NA,0,1,"487,606","100,000",7,1.435585288
"193","Deaths (Hispanic)","Warren","Counties",2015,37185,12,"Drug overdose deaths among NC Residents (ICD-10), all intents","metric","Number of deaths",NA,"Annual count was 0 and rate was NA","Highest","Rate per 100,000 residents","8C) Equity: Hispanic",NA,NA,0,1,"3,879","100,000",0,0
"194","Deaths (Hispanic)","Washington","Counties",2015,37187,12,"Drug overdose deaths among NC Residents (ICD-10), all intents","metric","Number of deaths",NA,"Annual count was 0 and rate was NA","Highest","Rate per 100,000 residents","8C) Equity: Hispanic",NA,NA,0,1,"2,817","100,000",0,0
"195","Deaths (Hispanic)","Watauga","Counties",2015,37189,12,"Drug overdose deaths among NC Residents (ICD-10), all intents","metric","Number of deaths",NA,"Annual count was 0 and rate was NA","Highest","Rate per 100,000 residents","8C) Equity: Hispanic",NA,NA,0,1,"9,092","100,000",1,10.99868016
"196","Deaths (Hispanic)","Wayne","Counties",2015,37191,12,"Drug overdose deaths among NC Residents (ICD-10), all intents","metric","Number of deaths",NA,"Annual count was 0 and rate was NA","Highest","Rate per 100,000 residents","8C) Equity: Hispanic",NA,NA,0,1,"66,383","100,000",1,1.506409774
"197","Deaths (Hispanic)","Wilkes","Counties",2015,37193,12,"Drug overdose deaths among NC Residents (ICD-10), all intents","metric","Number of deaths",NA,"Annual count was 0 and rate was NA","Highest","Rate per 100,000 residents","8C) Equity: Hispanic",NA,NA,0,1,"19,941","100,000",1,5.014793641
"198","Deaths (Hispanic)","Wilson","Counties",2015,37195,12,"Drug overdose deaths among NC Residents (ICD-10), all intents","metric","Number of deaths",NA,"Annual count was 1 and rate was NA","Highest","Rate per 100,000 residents","8C) Equity: Hispanic",NA,NA,0,1,"40,723","100,000",1,2.455614763
"199","Deaths (Hispanic)","Yadkin","Counties",2015,37197,12,"Drug overdose deaths among NC Residents (ICD-10), all intents","metric","Number of deaths",NA,"Annual count was 0 and rate was NA","Highest","Rate per 100,000 residents","8C) Equity: Hispanic",NA,NA,0,1,"19,857","100,000",0,0
"200","Deaths (Hispanic)","Yancey","Counties",2015,37199,12,"Drug overdose deaths among NC Residents (ICD-10), all intents","metric","Number of deaths",NA,"Annual count was 1 and rate was NA","Highest","Rate per 100,000 residents","8C) Equity: Hispanic",NA,NA,0,1,"4,164","100,000",1,24.01536984
"201","Deaths (Hispanic)","Alamance","Counties",2020,37001,12,"Drug overdose deaths among NC Residents (ICD-10), all intents","metric","Number of deaths",NA,"Annual count was 2 and rate was NA","Lowest","Rate per 100,000 residents","8C) Equity: Hispanic",NA,NA,0,1,"107,267","100,000",7,6.525772139
"202","Deaths (Hispanic)","Alexander","Counties",2020,37003,12,"Drug overdose deaths among NC Residents (ICD-10), all intents","metric","Number of deaths",NA,"Annual count was 0 and rate was NA","Lowest","Rate per 100,000 residents","8C) Equity: Hispanic",NA,NA,0,1,"8,965","100,000",1,11.15448968
"203","Deaths (Hispanic)","Alleghany","Counties",2020,37005,12,"Drug overdose deaths among NC Residents (ICD-10), all intents","metric","Number of deaths",NA,"Annual count was 0 and rate was NA","Lowest","Rate per 100,000 residents","8C) Equity: Hispanic",NA,NA,0,1,"5,407","100,000",0,0
"204","Deaths (Hispanic)","Anson","Counties",2020,37007,12,"Drug overdose deaths among NC Residents (ICD-10), all intents","metric","Number of deaths",NA,"Annual count was 0 and rate was NA","Lowest","Rate per 100,000 residents","8C) Equity: Hispanic",NA,NA,0,1,"5,183","100,000",0,0
"205","Deaths (Hispanic)","Ashe","Counties",2020,37009,12,"Drug overdose deaths among NC Residents (ICD-10), all intents","metric","Number of deaths",NA,"Annual count was 0 and rate was NA","Lowest","Rate per 100,000 residents","8C) Equity: Hispanic",NA,NA,0,1,"7,049","100,000",1,14.18640942
"206","Deaths (Hispanic)","Avery","Counties",2020,37011,12,"Drug overdose deaths among NC Residents (ICD-10), all intents","metric","Number of deaths",NA,"Annual count was 0 and rate was NA","Lowest","Rate per 100,000 residents","8C) Equity: Hispanic",NA,NA,0,1,"4,541","100,000",0,0
"207","Deaths (Hispanic)","Beaufort","Counties",2020,37013,12,"Drug overdose deaths among NC Residents (ICD-10), all intents","metric","Number of deaths",NA,"Annual count was 0 and rate was NA","Lowest","Rate per 100,000 residents","8C) Equity: Hispanic",NA,NA,0,1,"18,892","100,000",0,0
"208","Deaths (Hispanic)","Bertie","Counties",2020,37015,12,"Drug overdose deaths among NC Residents (ICD-10), all intents","metric","Number of deaths",NA,"Annual count was 0 and rate was NA","Lowest","Rate per 100,000 residents","8C) Equity: Hispanic",NA,NA,0,1,"2,152","100,000",0,0
"209","Deaths (Hispanic)","Bladen","Counties",2020,37017,12,"Drug overdose deaths among NC Residents (ICD-10), all intents","metric","Number of deaths",NA,"Annual count was 1 and rate was NA","Lowest","Rate per 100,000 residents","8C) Equity: Hispanic",NA,NA,0,1,"12,920","100,000",1,7.73993808
"210","Deaths (Hispanic)","Brunswick","Counties",2020,37019,12,"Drug overdose deaths among NC Residents (ICD-10), all intents","metric","Number of deaths",NA,"Annual count was 3 and rate was NA","Lowest","Rate per 100,000 residents","8C) Equity: Hispanic",NA,NA,0,1,"33,324","100,000",4,12.00336094
"211","Deaths (Hispanic)","Buncombe","Counties",2020,37021,12,"Drug overdose deaths among NC Residents (ICD-10), all intents","metric","Number of deaths",NA,"Annual count was 3 and rate was NA","Lowest","Rate per 100,000 residents","8C) Equity: Hispanic",NA,NA,0,1,"87,046","100,000",8,9.190542931
"212","Deaths (Hispanic)","Burke","Counties",2020,37023,12,"Drug overdose deaths among NC Residents (ICD-10), all intents","metric","Number of deaths",NA,"Annual count was 1 and rate was NA","Lowest","Rate per 100,000 residents","8C) Equity: Hispanic",NA,NA,0,1,"28,524","100,000",3,10.51745898
"213","Deaths (Hispanic)","Cabarrus","Counties",2020,37025,12,"Drug overdose deaths among NC Residents (ICD-10), all intents","metric","Number of deaths",NA,"Annual count was 3 and rate was NA","Lowest","Rate per 100,000 residents","8C) Equity: Hispanic",NA,NA,0,1,"113,742","100,000",8,7.033461694
"214","Deaths (Hispanic)","Caldwell","Counties",2020,37027,12,"Drug overdose deaths among NC Residents (ICD-10), all intents","metric","Number of deaths",NA,"Annual count was 1 and rate was NA","Lowest","Rate per 100,000 residents","8C) Equity: Hispanic",NA,NA,0,1,"23,198","100,000",2,8.621432882
"215","Deaths (Hispanic)","Camden","Counties",2020,37029,12,"Drug overdose deaths among NC Residents (ICD-10), all intents","metric","Number of deaths",NA,"Annual count was 0 and rate was NA","Lowest","Rate per 100,000 residents","8C) Equity: Hispanic",NA,NA,0,1,"1,625","100,000",0,0
"216","Deaths (Hispanic)","Carteret","Counties",2020,37031,12,"Drug overdose deaths among NC Residents (ICD-10), all intents","metric","Number of deaths",NA,"Annual count was 0 and rate was NA","Lowest","Rate per 100,000 residents","8C) Equity: Hispanic",NA,NA,0,1,"15,092","100,000",1,6.626027034
"217","Deaths (Hispanic)","Caswell","Counties",2020,37033,12,"Drug overdose deaths among NC Residents (ICD-10), all intents","metric","Number of deaths",NA,"Annual count was 0 and rate was NA","Lowest","Rate per 100,000 residents","8C) Equity: Hispanic",NA,NA,0,1,"4,822","100,000",1,20.73828287
"218","Deaths (Hispanic)","Catawba","Counties",2020,37035,12,"Drug overdose deaths among NC Residents (ICD-10), all intents","metric","Number of deaths",NA,"Annual count was 2 and rate was NA","Lowest","Rate per 100,000 residents","8C) Equity: Hispanic",NA,NA,0,1,"78,827","100,000",7,8.880206021
"219","Deaths (Hispanic)","Chatham","Counties",2020,37037,12,"Drug overdose deaths among NC Residents (ICD-10), all intents","metric","Number of deaths",NA,"Annual count was 0 and rate was NA","Lowest","Rate per 100,000 residents","8C) Equity: Hispanic",NA,NA,0,1,"44,699","100,000",0,0
"220","Deaths (Hispanic)","Cherokee","Counties",2020,37039,12,"Drug overdose deaths among NC Residents (ICD-10), all intents","metric","Number of deaths",NA,"Annual count was 0 and rate was NA","Lowest","Rate per 100,000 residents","8C) Equity: Hispanic",NA,NA,0,1,"4,710","100,000",0,0
"221","Deaths (Hispanic)","Chowan","Counties",2020,37041,12,"Drug overdose deaths among NC Residents (ICD-10), all intents","metric","Number of deaths",NA,"Annual count was 2 and rate was NA","Low","Rate per 100,000 residents","8C) Equity: Hispanic",NA,NA,0,1,"2,606","100,000",2,76.74597084
"222","Deaths (Hispanic)","Clay","Counties",2020,37043,12,"Drug overdose deaths among NC Residents (ICD-10), all intents","metric","Number of deaths",NA,"Annual count was 0 and rate was NA","Low","Rate per 100,000 residents","8C) Equity: Hispanic",NA,NA,0,1,"2,021","100,000",0,0
"223","Deaths (Hispanic)","Cleveland","Counties",2020,37045,12,"Drug overdose deaths among NC Residents (ICD-10), all intents","metric","Number of deaths",NA,"Annual count was 2 and rate was NA","Low","Rate per 100,000 residents","8C) Equity: Hispanic",NA,NA,0,1,"18,090","100,000",2,11.05583195
"224","Deaths (Hispanic)","Columbus","Counties",2020,37047,12,"Drug overdose deaths among NC Residents (ICD-10), all intents","metric","Number of deaths",NA,"Annual count was 0 and rate was NA","Low","Rate per 100,000 residents","8C) Equity: Hispanic",NA,NA,0,1,"15,373","100,000",1,6.504911208
"225","Deaths (Hispanic)","Craven","Counties",2020,37049,12,"Drug overdose deaths among NC Residents (ICD-10), all intents","metric","Number of deaths",NA,"Annual count was 1 and rate was NA","Low","Rate per 100,000 residents","8C) Equity: Hispanic",NA,NA,0,1,"38,002","100,000",3,7.894321352
"226","Deaths (Hispanic)","Cumberland","Counties",2020,37051,12,"Drug overdose deaths among NC Residents (ICD-10), all intents","metric","Number of deaths",NA,"Annual count was 7 and rate was NA","Low","Rate per 100,000 residents","8C) Equity: Hispanic",NA,NA,0,1,"197,261","100,000",21,10.64579415
"227","Deaths (Hispanic)","Currituck","Counties",2020,37053,12,"Drug overdose deaths among NC Residents (ICD-10), all intents","metric","Number of deaths",NA,"Annual count was 0 and rate was NA","Low","Rate per 100,000 residents","8C) Equity: Hispanic",NA,NA,0,1,"5,598","100,000",1,17.86352269
"228","Deaths (Hispanic)","Dare","Counties",2020,37055,12,"Drug overdose deaths among NC Residents (ICD-10), all intents","metric","Number of deaths",NA,"Annual count was 0 and rate was NA","Low","Rate per 100,000 residents","8C) Equity: Hispanic",NA,NA,0,1,"13,530","100,000",0,0
"229","Deaths (Hispanic)","Davidson","Counties",2020,37057,12,"Drug overdose deaths among NC Residents (ICD-10), all intents","metric","Number of deaths",NA,"Annual count was 2 and rate was NA","Low","Rate per 100,000 residents","8C) Equity: Hispanic",NA,NA,0,1,"61,159","100,000",7,11.44557629
"230","Deaths (Hispanic)","Davie","Counties",2020,37059,12,"Drug overdose deaths among NC Residents (ICD-10), all intents","metric","Number of deaths",NA,"Annual count was 0 and rate was NA","Low","Rate per 100,000 residents","8C) Equity: Hispanic",NA,NA,0,1,"14,958","100,000",0,0
"231","Deaths (Hispanic)","Duplin","Counties",2020,37061,12,"Drug overdose deaths among NC Residents (ICD-10), all intents","metric","Number of deaths",NA,"Annual count was 0 and rate was NA","Low","Rate per 100,000 residents","8C) Equity: Hispanic",NA,NA,0,1,"66,716","100,000",0,0
"232","Deaths (Hispanic)","Durham","Counties",2020,37063,12,"Drug overdose deaths among NC Residents (ICD-10), all intents","metric","Number of deaths",NA,"Annual count was 4 and rate was NA","Low","Rate per 100,000 residents","8C) Equity: Hispanic",NA,NA,0,1,"215,569","100,000",10,4.638885925
"233","Deaths (Hispanic)","Edgecombe","Counties",2020,37065,12,"Drug overdose deaths among NC Residents (ICD-10), all intents","metric","Number of deaths",NA,"Annual count was 0 and rate was NA","Low","Rate per 100,000 residents","8C) Equity: Hispanic",NA,NA,0,1,"12,498","100,000",0,0
"234","Deaths (Hispanic)","Forsyth","Counties",2020,37067,12,"Drug overdose deaths among NC Residents (ICD-10), all intents","metric","Number of deaths",NA,"Annual count was 9 and rate was NA","Low","Rate per 100,000 residents","8C) Equity: Hispanic",NA,NA,0,1,"248,301","100,000",23,9.262951015
"235","Deaths (Hispanic)","Franklin","Counties",2020,37069,12,"Drug overdose deaths among NC Residents (ICD-10), all intents","metric","Number of deaths",NA,"Annual count was 1 and rate was NA","Low","Rate per 100,000 residents","8C) Equity: Hispanic",NA,NA,0,1,"29,375","100,000",2,6.808510638
"236","Deaths (Hispanic)","Gaston","Counties",2020,37071,12,"Drug overdose deaths among NC Residents (ICD-10), all intents","metric","Number of deaths",NA,"Annual count was 1 and rate was NA","Low","Rate per 100,000 residents","8C) Equity: Hispanic",NA,NA,0,1,"81,343","100,000",8,9.834896672
"237","Deaths (Hispanic)","Gates","Counties",2020,37073,12,"Drug overdose deaths among NC Residents (ICD-10), all intents","metric","Number of deaths",NA,"Annual count was 0 and rate was NA","Low","Rate per 100,000 residents","8C) Equity: Hispanic",NA,NA,0,1,"1,305","100,000",0,0
"238","Deaths (Hispanic)","Graham","Counties",2020,37075,12,"Drug overdose deaths among NC Residents (ICD-10), all intents","metric","Number of deaths",NA,"Annual count was 0 and rate was NA","Low","Rate per 100,000 residents","8C) Equity: Hispanic",NA,NA,0,1,"1,522","100,000",0,0
"239","Deaths (Hispanic)","Granville","Counties",2020,37077,12,"Drug overdose deaths among NC Residents (ICD-10), all intents","metric","Number of deaths",NA,"Annual count was 0 and rate was NA","Low","Rate per 100,000 residents","8C) Equity: Hispanic",NA,NA,0,1,"24,758","100,000",0,0
"240","Deaths (Hispanic)","Greene","Counties",2020,37079,12,"Drug overdose deaths among NC Residents (ICD-10), all intents","metric","Number of deaths",NA,"Annual count was 0 and rate was NA","Low","Rate per 100,000 residents","8C) Equity: Hispanic",NA,NA,0,1,"16,274","100,000",0,0
"241","Deaths (Hispanic)","Guilford","Counties",2020,37081,12,"Drug overdose deaths among NC Residents (ICD-10), all intents","metric","Number of deaths",NA,"Annual count was 5 and rate was NA","Middle","Rate per 100,000 residents","8C) Equity: Hispanic",NA,NA,0,1,"218,634","100,000",18,8.232937238
"242","Deaths (Hispanic)","Halifax","Counties",2020,37083,12,"Drug overdose deaths among NC Residents (ICD-10), all intents","metric","Number of deaths",NA,"Annual count was 0 and rate was NA","Middle","Rate per 100,000 residents","8C) Equity: Hispanic",NA,NA,0,1,"7,625","100,000",0,0
"243","Deaths (Hispanic)","Harnett","Counties",2020,37085,12,"Drug overdose deaths among NC Residents (ICD-10), all intents","metric","Number of deaths",NA,"Annual count was 0 and rate was NA","Middle","Rate per 100,000 residents","8C) Equity: Hispanic",NA,NA,0,1,"87,726","100,000",7,7.979390375
"244","Deaths (Hispanic)","Haywood","Counties",2020,37087,12,"Drug overdose deaths among NC Residents (ICD-10), all intents","metric","Number of deaths",NA,"Annual count was 2 and rate was NA","Middle","Rate per 100,000 residents","8C) Equity: Hispanic",NA,NA,0,1,"12,703","100,000",3,23.61646855
"245","Deaths (Hispanic)","Henderson","Counties",2020,37089,12,"Drug overdose deaths among NC Residents (ICD-10), all intents","metric","Number of deaths",NA,"Annual count was 1 and rate was NA","Middle","Rate per 100,000 residents","8C) Equity: Hispanic",NA,NA,0,1,"59,786","100,000",5,8.363161944
"246","Deaths (Hispanic)","Hertford","Counties",2020,37091,12,"Drug overdose deaths among NC Residents (ICD-10), all intents","metric","Number of deaths",NA,"Annual count was 0 and rate was NA","Middle","Rate per 100,000 residents","8C) Equity: Hispanic",NA,NA,0,1,"4,554","100,000",0,0
"247","Deaths (Hispanic)","Hoke","Counties",2020,37093,12,"Drug overdose deaths among NC Residents (ICD-10), all intents","metric","Number of deaths",NA,"Annual count was 2 and rate was NA","Middle","Rate per 100,000 residents","8C) Equity: Hispanic",NA,NA,0,1,"37,534","100,000",8,21.31400863
"248","Deaths (Hispanic)","Hyde","Counties",2020,37095,12,"Drug overdose deaths among NC Residents (ICD-10), all intents","metric","Number of deaths",NA,"Annual count was 0 and rate was NA","Middle","Rate per 100,000 residents","8C) Equity: Hispanic",NA,NA,0,1,"2,406","100,000",0,0
"249","Deaths (Hispanic)","Iredell","Counties",2020,37097,12,"Drug overdose deaths among NC Residents (ICD-10), all intents","metric","Number of deaths",NA,"Annual count was 0 and rate was NA","Middle","Rate per 100,000 residents","8C) Equity: Hispanic",NA,NA,0,1,"70,169","100,000",2,2.850261511
"250","Deaths (Hispanic)","Jackson","Counties",2020,37099,12,"Drug overdose deaths among NC Residents (ICD-10), all intents","metric","Number of deaths",NA,"Annual count was 1 and rate was NA","Middle","Rate per 100,000 residents","8C) Equity: Hispanic",NA,NA,0,1,"12,903","100,000",1,7.750135627
"251","Deaths (Hispanic)","Johnston","Counties",2020,37101,12,"Drug overdose deaths among NC Residents (ICD-10), all intents","metric","Number of deaths",NA,"Annual count was 1 and rate was NA","Middle","Rate per 100,000 residents","8C) Equity: Hispanic",NA,NA,0,1,"141,242","100,000",1,0.708004701
"252","Deaths (Hispanic)","Jones","Counties",2020,37103,12,"Drug overdose deaths among NC Residents (ICD-10), all intents","metric","Number of deaths",NA,"Annual count was 0 and rate was NA","Middle","Rate per 100,000 residents","8C) Equity: Hispanic",NA,NA,0,1,"2,416","100,000",0,0
"253","Deaths (Hispanic)","Lee","Counties",2020,37105,12,"Drug overdose deaths among NC Residents (ICD-10), all intents","metric","Number of deaths",NA,"Annual count was 5 and rate was NA","Middle","Rate per 100,000 residents","8C) Equity: Hispanic",NA,NA,0,1,"59,269","100,000",7,11.81055864
"254","Deaths (Hispanic)","Lenoir","Counties",2020,37107,12,"Drug overdose deaths among NC Residents (ICD-10), all intents","metric","Number of deaths",NA,"Annual count was 0 and rate was NA","Middle","Rate per 100,000 residents","8C) Equity: Hispanic",NA,NA,0,1,"22,152","100,000",1,4.514265078
"255","Deaths (Hispanic)","Lincoln","Counties",2020,37109,12,"Drug overdose deaths among NC Residents (ICD-10), all intents","metric","Number of deaths",NA,"Annual count was 0 and rate was NA","Middle","Rate per 100,000 residents","8C) Equity: Hispanic",NA,NA,0,1,"30,613","100,000",2,6.533172182
"256","Deaths (Hispanic)","Macon","Counties",2020,37113,12,"Drug overdose deaths among NC Residents (ICD-10), all intents","metric","Number of deaths",NA,"Annual count was 0 and rate was NA","Middle","Rate per 100,000 residents","8C) Equity: Hispanic",NA,NA,0,1,"12,783","100,000",0,0
"257","Deaths (Hispanic)","Madison","Counties",2020,37115,12,"Drug overdose deaths among NC Residents (ICD-10), all intents","metric","Number of deaths",NA,"Annual count was 0 and rate was NA","Middle","Rate per 100,000 residents","8C) Equity: Hispanic",NA,NA,0,1,"2,744","100,000",0,0
"258","Deaths (Hispanic)","Martin","Counties",2020,37117,12,"Drug overdose deaths among NC Residents (ICD-10), all intents","metric","Number of deaths",NA,"Annual count was 2 and rate was NA","Middle","Rate per 100,000 residents","8C) Equity: Hispanic",NA,NA,0,1,"4,626","100,000",2,43.23389537
"259","Deaths (Hispanic)","McDowell","Counties",2020,37111,12,"Drug overdose deaths among NC Residents (ICD-10), all intents","metric","Number of deaths",NA,"Annual count was 0 and rate was NA","Middle","Rate per 100,000 residents","8C) Equity: Hispanic",NA,NA,0,1,"14,306","100,000",0,0
"260","Deaths (Hispanic)","Mecklenburg","Counties",2020,37119,12,"Drug overdose deaths among NC Residents (ICD-10), all intents","metric","Number of deaths",NA,"Annual count was 16 and rate was NA","Middle","Rate per 100,000 residents","8C) Equity: Hispanic",NA,NA,0,1,"737,485","100,000",57,7.728970759
"261","Deaths (Hispanic)","Mitchell","Counties",2020,37121,12,"Drug overdose deaths among NC Residents (ICD-10), all intents","metric","Number of deaths",NA,"Annual count was 0 and rate was NA","High","Rate per 100,000 residents","8C) Equity: Hispanic",NA,NA,0,1,"4,304","100,000",1,23.23420074
"262","Deaths (Hispanic)","Montgomery","Counties",2020,37123,12,"Drug overdose deaths among NC Residents (ICD-10), all intents","metric","Number of deaths",NA,"Annual count was 0 and rate was NA","High","Rate per 100,000 residents","8C) Equity: Hispanic",NA,NA,0,1,"21,275","100,000",0,0
"263","Deaths (Hispanic)","Moore","Counties",2020,37125,12,"Drug overdose deaths among NC Residents (ICD-10), all intents","metric","Number of deaths",NA,"Annual count was 0 and rate was NA","High","Rate per 100,000 residents","8C) Equity: Hispanic",NA,NA,0,1,"34,061","100,000",0,0
"264","Deaths (Hispanic)","Nash","Counties",2020,37127,12,"Drug overdose deaths among NC Residents (ICD-10), all intents","metric","Number of deaths",NA,"Annual count was 1 and rate was NA","High","Rate per 100,000 residents","8C) Equity: Hispanic",NA,NA,0,1,"33,655","100,000",3,8.913980092
"265","Deaths (Hispanic)","New Hanover","Counties",2020,37129,12,"Drug overdose deaths among NC Residents (ICD-10), all intents","metric","Number of deaths",NA,"Annual count was 2 and rate was NA","High","Rate per 100,000 residents","8C) Equity: Hispanic",NA,NA,0,1,"65,363","100,000",9,13.76925784
"266","Deaths (Hispanic)","Northampton","Counties",2020,37131,12,"Drug overdose deaths among NC Residents (ICD-10), all intents","metric","Number of deaths",NA,"Annual count was 0 and rate was NA","High","Rate per 100,000 residents","8C) Equity: Hispanic",NA,NA,0,1,"2,359","100,000",1,42.39084358
"267","Deaths (Hispanic)","Onslow","Counties",2020,37133,12,"Drug overdose deaths among NC Residents (ICD-10), all intents","metric","Number of deaths",NA,"Annual count was 2 and rate was NA","High","Rate per 100,000 residents","8C) Equity: Hispanic",NA,NA,0,1,"124,776","100,000",9,7.212925563
"268","Deaths (Hispanic)","Orange","Counties",2020,37135,12,"Drug overdose deaths among NC Residents (ICD-10), all intents","metric","Number of deaths",NA,"Annual count was 1 and rate was NA","High","Rate per 100,000 residents","8C) Equity: Hispanic",NA,NA,0,1,"62,458","100,000",2,3.202151846
"269","Deaths (Hispanic)","Pamlico","Counties",2020,37137,12,"Drug overdose deaths among NC Residents (ICD-10), all intents","metric","Number of deaths",NA,"Annual count was 0 and rate was NA","High","Rate per 100,000 residents","8C) Equity: Hispanic",NA,NA,0,1,"2,569","100,000",0,0
"270","Deaths (Hispanic)","Pasquotank","Counties",2020,37139,12,"Drug overdose deaths among NC Residents (ICD-10), all intents","metric","Number of deaths",NA,"Annual count was 1 and rate was NA","High","Rate per 100,000 residents","8C) Equity: Hispanic",NA,NA,0,1,"11,204","100,000",2,17.85076758
"271","Deaths (Hispanic)","Pender","Counties",2020,37141,12,"Drug overdose deaths among NC Residents (ICD-10), all intents","metric","Number of deaths",NA,"Annual count was 0 and rate was NA","High","Rate per 100,000 residents","8C) Equity: Hispanic",NA,NA,0,1,"22,856","100,000",1,4.375218761
"272","Deaths (Hispanic)","Perquimans","Counties",2020,37143,12,"Drug overdose deaths among NC Residents (ICD-10), all intents","metric","Number of deaths",NA,"Annual count was 0 and rate was NA","High","Rate per 100,000 residents","8C) Equity: Hispanic",NA,NA,0,1,"1,839","100,000",0,0
"273","Deaths (Hispanic)","Person","Counties",2020,37145,12,"Drug overdose deaths among NC Residents (ICD-10), all intents","metric","Number of deaths",NA,"Annual count was 0 and rate was NA","High","Rate per 100,000 residents","8C) Equity: Hispanic",NA,NA,0,1,"8,783","100,000",0,0
"274","Deaths (Hispanic)","Pitt","Counties",2020,37147,12,"Drug overdose deaths among NC Residents (ICD-10), all intents","metric","Number of deaths",NA,"Annual count was 1 and rate was NA","High","Rate per 100,000 residents","8C) Equity: Hispanic",NA,NA,0,1,"57,664","100,000",5,8.670921199
"275","Deaths (Hispanic)","Polk","Counties",2020,37149,12,"Drug overdose deaths among NC Residents (ICD-10), all intents","metric","Number of deaths",NA,"Annual count was 0 and rate was NA","High","Rate per 100,000 residents","8C) Equity: Hispanic",NA,NA,0,1,"6,119","100,000",0,0
"276","Deaths (Hispanic)","Randolph","Counties",2020,37151,12,"Drug overdose deaths among NC Residents (ICD-10), all intents","metric","Number of deaths",NA,"Annual count was 1 and rate was NA","High","Rate per 100,000 residents","8C) Equity: Hispanic",NA,NA,0,1,"84,092","100,000",4,4.756695048
"277","Deaths (Hispanic)","Richmond","Counties",2020,37153,12,"Drug overdose deaths among NC Residents (ICD-10), all intents","metric","Number of deaths",NA,"Annual count was 1 and rate was NA","High","Rate per 100,000 residents","8C) Equity: Hispanic",NA,NA,0,1,"14,917","100,000",1,6.70376081
"278","Deaths (Hispanic)","Robeson","Counties",2020,37155,12,"Drug overdose deaths among NC Residents (ICD-10), all intents","metric","Number of deaths",NA,"Annual count was 4 and rate was NA","High","Rate per 100,000 residents","8C) Equity: Hispanic",NA,NA,0,1,"59,146","100,000",5,8.453657052
"279","Deaths (Hispanic)","Rockingham","Counties",2020,37157,12,"Drug overdose deaths among NC Residents (ICD-10), all intents","metric","Number of deaths",NA,"Annual count was 0 and rate was NA","High","Rate per 100,000 residents","8C) Equity: Hispanic",NA,NA,0,1,"28,533","100,000",1,3.50471384
"280","Deaths (Hispanic)","Rowan","Counties",2020,37159,12,"Drug overdose deaths among NC Residents (ICD-10), all intents","metric","Number of deaths",NA,"Annual count was 5 and rate was NA","High","Rate per 100,000 residents","8C) Equity: Hispanic",NA,NA,0,1,"64,360","100,000",8,12.4300808
"281","Deaths (Hispanic)","Rutherford","Counties",2020,37161,12,"Drug overdose deaths among NC Residents (ICD-10), all intents","metric","Number of deaths",NA,"Annual count was 0 and rate was NA","Highest","Rate per 100,000 residents","8C) Equity: Hispanic",NA,NA,0,1,"15,256","100,000",0,0
"282","Deaths (Hispanic)","Sampson","Counties",2020,37163,12,"Drug overdose deaths among NC Residents (ICD-10), all intents","metric","Number of deaths",NA,"Annual count was 1 and rate was NA","Highest","Rate per 100,000 residents","8C) Equity: Hispanic",NA,NA,0,1,"63,911","100,000",3,4.694027632
"283","Deaths (Hispanic)","Scotland","Counties",2020,37165,12,"Drug overdose deaths among NC Residents (ICD-10), all intents","metric","Number of deaths",NA,"Annual count was 0 and rate was NA","Highest","Rate per 100,000 residents","8C) Equity: Hispanic",NA,NA,0,1,"5,479","100,000",1,18.25150575
"284","Deaths (Hispanic)","Stanly","Counties",2020,37167,12,"Drug overdose deaths among NC Residents (ICD-10), all intents","metric","Number of deaths",NA,"Annual count was 0 and rate was NA","Highest","Rate per 100,000 residents","8C) Equity: Hispanic",NA,NA,0,1,"13,568","100,000",0,0
"285","Deaths (Hispanic)","Stokes","Counties",2020,37169,12,"Drug overdose deaths among NC Residents (ICD-10), all intents","metric","Number of deaths",NA,"Annual count was 1 and rate was NA","Highest","Rate per 100,000 residents","8C) Equity: Hispanic",NA,NA,0,1,"7,222","100,000",2,27.69315979
"286","Deaths (Hispanic)","Surry","Counties",2020,37171,12,"Drug overdose deaths among NC Residents (ICD-10), all intents","metric","Number of deaths",NA,"Annual count was 1 and rate was NA","Highest","Rate per 100,000 residents","8C) Equity: Hispanic",NA,NA,0,1,"39,033","100,000",2,5.123869546
"287","Deaths (Hispanic)","Swain","Counties",2020,37173,12,"Drug overdose deaths among NC Residents (ICD-10), all intents","metric","Number of deaths",NA,"Annual count was 0 and rate was NA","Highest","Rate per 100,000 residents","8C) Equity: Hispanic",NA,NA,0,1,"3,969","100,000",0,0
"288","Deaths (Hispanic)","Transylvania","Counties",2020,37175,12,"Drug overdose deaths among NC Residents (ICD-10), all intents","metric","Number of deaths",NA,"Annual count was 0 and rate was NA","Highest","Rate per 100,000 residents","8C) Equity: Hispanic",NA,NA,0,1,"5,779","100,000",0,0
"289","Deaths (Hispanic)","Tyrrell","Counties",2020,37177,12,"Drug overdose deaths among NC Residents (ICD-10), all intents","metric","Number of deaths",NA,"Annual count was 0 and rate was NA","Highest","Rate per 100,000 residents","8C) Equity: Hispanic",NA,NA,0,1,"1,855","100,000",0,0
"290","Deaths (Hispanic)","Union","Counties",2020,37179,12,"Drug overdose deaths among NC Residents (ICD-10), all intents","metric","Number of deaths",NA,"Annual count was 1 and rate was NA","Highest","Rate per 100,000 residents","8C) Equity: Hispanic",NA,NA,0,1,"134,130","100,000",6,4.473272199
"291","Deaths (Hispanic)","Vance","Counties",2020,37181,12,"Drug overdose deaths among NC Residents (ICD-10), all intents","metric","Number of deaths",NA,"Annual count was 0 and rate was NA","Highest","Rate per 100,000 residents","8C) Equity: Hispanic",NA,NA,0,1,"17,731","100,000",1,5.639839829
"292","Deaths (Hispanic)","Wake","Counties",2020,37183,12,"Drug overdose deaths among NC Residents (ICD-10), all intents","metric","Number of deaths",NA,"Annual count was 6 and rate was NA","Highest","Rate per 100,000 residents","8C) Equity: Hispanic",NA,NA,0,1,"560,445","100,000",26,4.639170659
"293","Deaths (Hispanic)","Warren","Counties",2020,37185,12,"Drug overdose deaths among NC Residents (ICD-10), all intents","metric","Number of deaths",NA,"Annual count was 0 and rate was NA","Highest","Rate per 100,000 residents","8C) Equity: Hispanic",NA,NA,0,1,"3,881","100,000",1,25.76655501
"294","Deaths (Hispanic)","Washington","Counties",2020,37187,12,"Drug overdose deaths among NC Residents (ICD-10), all intents","metric","Number of deaths",NA,"Annual count was 0 and rate was NA","Highest","Rate per 100,000 residents","8C) Equity: Hispanic",NA,NA,0,1,"3,407","100,000",0,0
"295","Deaths (Hispanic)","Watauga","Counties",2020,37189,12,"Drug overdose deaths among NC Residents (ICD-10), all intents","metric","Number of deaths",NA,"Annual count was 1 and rate was NA","Highest","Rate per 100,000 residents","8C) Equity: Hispanic",NA,NA,0,1,"10,456","100,000",1,9.563886764
"296","Deaths (Hispanic)","Wayne","Counties",2020,37191,12,"Drug overdose deaths among NC Residents (ICD-10), all intents","metric","Number of deaths",NA,"Annual count was 0 and rate was NA","Highest","Rate per 100,000 residents","8C) Equity: Hispanic",NA,NA,0,1,"75,508","100,000",5,6.621814907
"297","Deaths (Hispanic)","Wilkes","Counties",2020,37193,12,"Drug overdose deaths among NC Residents (ICD-10), all intents","metric","Number of deaths",NA,"Annual count was 0 and rate was NA","Highest","Rate per 100,000 residents","8C) Equity: Hispanic",NA,NA,0,1,"22,809","100,000",2,8.768468587
"298","Deaths (Hispanic)","Wilson","Counties",2020,37195,12,"Drug overdose deaths among NC Residents (ICD-10), all intents","metric","Number of deaths",NA,"Annual count was 2 and rate was NA","Highest","Rate per 100,000 residents","8C) Equity: Hispanic",NA,NA,0,1,"43,387","100,000",3,6.914513564
"299","Deaths (Hispanic)","Yadkin","Counties",2020,37197,12,"Drug overdose deaths among NC Residents (ICD-10), all intents","metric","Number of deaths",NA,"Annual count was 1 and rate was NA","Highest","Rate per 100,000 residents","8C) Equity: Hispanic",NA,NA,0,1,"21,278","100,000",1,4.69968982
"300","Deaths (Hispanic)","Yancey","Counties",2020,37199,12,"Drug overdose deaths among NC Residents (ICD-10), all intents","metric","Number of deaths",NA,"Annual count was 0 and rate was NA","Highest","Rate per 100,000 residents","8C) Equity: Hispanic",NA,NA,0,1,"4,766","100,000",0,0
